State,1948:Q1-:Q2,1948:Q2-:Q3,1948:Q3-:Q4,1948:Q4-1949:Q1,1949:Q1-:Q2,1949:Q2-:Q3,1949:Q3-:Q4,1949:Q4-1950:Q1,1950:Q1-:Q2,1950:Q2-:Q3,1950:Q3-:Q4,1950:Q4-1951:Q1,1951:Q1-:Q2,1951:Q2-:Q3,1951:Q3-:Q4,1951:Q4-1952:Q1,1952:Q1-:Q2,1952:Q2-:Q3,1952:Q3-:Q4,1952:Q4-1953:Q1,1953:Q1-:Q2,1953:Q2-:Q3,1953:Q3-:Q4,1953:Q4-1954:Q1,1954:Q1-:Q2,1954:Q2-:Q3,1954:Q3-:Q4,1954:Q4-1955:Q1,1955:Q1-:Q2,1955:Q2-:Q3,1955:Q3-:Q4,1955:Q4-1956:Q1,1956:Q1-:Q2,1956:Q2-:Q3,1956:Q3-:Q4,1956:Q4-1957:Q1,1957:Q1-:Q2,1957:Q2-:Q3,1957:Q3-:Q4,1957:Q4-1958:Q1,1958:Q1-:Q2,1958:Q2-:Q3,1958:Q3-:Q4,1958:Q4-1959:Q1,1959:Q1-:Q2,1959:Q2-:Q3,1959:Q3-:Q4,1959:Q4-1960:Q1,1960:Q1-:Q2,1960:Q2-:Q3,1960:Q3-:Q4,1960:Q4-1961:Q1,1961:Q1-:Q2,1961:Q2-:Q3,1961:Q3-:Q4,1961:Q4-1962:Q1,1962:Q1-:Q2,1962:Q2-:Q3,1962:Q3-:Q4,1962:Q4-1963:Q1,1963:Q1-:Q2,1963:Q2-:Q3,1963:Q3-:Q4,1963:Q4-1964:Q1,1964:Q1-:Q2,1964:Q2-:Q3,1964:Q3-:Q4,1964:Q4-1965:Q1,1965:Q1-:Q2,1965:Q2-:Q3,1965:Q3-:Q4,1965:Q4-1966:Q1,1966:Q1-:Q2,1966:Q2-:Q3,1966:Q3-:Q4,1966:Q4-1967:Q1,1967:Q1-:Q2,1967:Q2-:Q3,1967:Q3-:Q4,1967:Q4-1968:Q1,1968:Q1-:Q2,1968:Q2-:Q3,1968:Q3-:Q4,1968:Q4-1969:Q1,1969:Q1-:Q2,1969:Q2-:Q3,1969:Q3-:Q4,1969:Q4-1970:Q1,1970:Q1-:Q2,1970:Q2-:Q3,1970:Q3-:Q4,1970:Q4-1971:Q1,1971:Q1-:Q2,1971:Q2-:Q3,1971:Q3-:Q4,1971:Q4-1972:Q1,1972:Q1-:Q2,1972:Q2-:Q3,1972:Q3-:Q4,1972:Q4-1973:Q1,1973:Q1-:Q2,1973:Q2-:Q3,1973:Q3-:Q4,1973:Q4-1974:Q1,1974:Q1-:Q2,1974:Q2-:Q3,1974:Q3-:Q4,1974:Q4-1975:Q1,1975:Q1-:Q2,1975:Q2-:Q3,1975:Q3-:Q4,1975:Q4-1976:Q1,1976:Q1-:Q2,1976:Q2-:Q3,1976:Q3-:Q4,1976:Q4-1977:Q1,1977:Q1-:Q2,1977:Q2-:Q3,1977:Q3-:Q4,1977:Q4-1978:Q1,1978:Q1-:Q2,1978:Q2-:Q3,1978:Q3-:Q4,1978:Q4-1979:Q1,1979:Q1-:Q2,1979:Q2-:Q3,1979:Q3-:Q4,1979:Q4-1980:Q1,1980:Q1-:Q2,1980:Q2-:Q3,1980:Q3-:Q4,1980:Q4-1981:Q1,1981:Q1-:Q2,1981:Q2-:Q3,1981:Q3-:Q4,1981:Q4-1982:Q1,1982:Q1-:Q2,1982:Q2-:Q3,1982:Q3-:Q4,1982:Q4-1983:Q1,1983:Q1-:Q2,1983:Q2-:Q3,1983:Q3-:Q4,1983:Q4-1984:Q1,1984:Q1-:Q2,1984:Q2-:Q3,1984:Q3-:Q4,1984:Q4-1985:Q1,1985:Q1-:Q2,1985:Q2-:Q3,1985:Q3-:Q4,1985:Q4-1986:Q1,1986:Q1-:Q2,1986:Q2-:Q3,1986:Q3-:Q4,1986:Q4-1987:Q1,1987:Q1-:Q2,1987:Q2-:Q3,1987:Q3-:Q4,1987:Q4-1988:Q1,1988:Q1-:Q2,1988:Q2-:Q3,1988:Q3-:Q4,1988:Q4-1989:Q1,1989:Q1-:Q2,1989:Q2-:Q3,1989:Q3-:Q4,1989:Q4-1990:Q1,1990:Q1-:Q2,1990:Q2-:Q3,1990:Q3-:Q4,1990:Q4-1991:Q1,1991:Q1-:Q2,1991:Q2-:Q3,1991:Q3-:Q4,1991:Q4-1992:Q1,1992:Q1-:Q2,1992:Q2-:Q3,1992:Q3-:Q4,1992:Q4-1993:Q1,1993:Q1-:Q2,1993:Q2-:Q3,1993:Q3-:Q4,1993:Q4-1994:Q1,1994:Q1-:Q2,1994:Q2-:Q3,1994:Q3-:Q4,1994:Q4-1995:Q1,1995:Q1-:Q2,1995:Q2-:Q3,1995:Q3-:Q4,1995:Q4-1996:Q1,1996:Q1-:Q2,1996:Q2-:Q3,1996:Q3-:Q4,1996:Q4-1997:Q1,1997:Q1-:Q2,1997:Q2-:Q3,1997:Q3-:Q4,1997:Q4-1998:Q1,1998:Q1-:Q2,1998:Q2-:Q3,1998:Q3-:Q4,1998:Q4-1999:Q1,1999:Q1-:Q2,1999:Q2-:Q3,1999:Q3-:Q4,1999:Q4-2000:Q1,2000:Q1-:Q2,2000:Q2-:Q3,2000:Q3-:Q4,2000:Q4-2001:Q1,2001:Q1-:Q2,2001:Q2-:Q3,2001:Q3-:Q4,2001:Q4-2002:Q1,2002:Q1-:Q2,2002:Q2-:Q3,2002:Q3-:Q4,2002:Q4-2003:Q1,2003:Q1-:Q2,2003:Q2-:Q3,2003:Q3-:Q4,2003:Q4-2004:Q1,2004:Q1-:Q2,2004:Q2-:Q3,2004:Q3-:Q4,2004:Q4-2005:Q1,2005:Q1-:Q2,2005:Q2-:Q3,2005:Q3-:Q4,2005:Q4-2006:Q1,2006:Q1-:Q2,2006:Q2-:Q3,2006:Q3-:Q4,2006:Q4-2007:Q1,2007:Q1-:Q2,2007:Q2-:Q3,2007:Q3-:Q4,2007:Q4-2008:Q1,2008:Q1-:Q2,2008:Q2-:Q3,2008:Q3-:Q4,2008:Q4-2009:Q1,2009:Q1-:Q2,2009:Q2-:Q3,2009:Q3-:Q4,2009:Q4-2010:Q1,2010:Q1-:Q2,2010:Q2-:Q3,2010:Q3-:Q4,2010:Q4-2011:Q1,2011:Q1-:Q2,2011:Q2-:Q3,2011:Q3-:Q4,2011:Q4-2012:Q1,2012:Q1-:Q2,2012:Q2-:Q3,2012:Q3-:Q4,2012:Q4-2013:Q1,2013:Q1-:Q2,2013:Q2-:Q3,2013:Q3-:Q4,2013:Q4-2014:Q1,2014:Q1-:Q2,2014:Q2-:Q3,2014:Q3-:Q4,2014:Q4-2015:Q1,2015:Q1-:Q2,2015:Q2-:Q3,2015:Q3-:Q4,2015:Q4-2016:Q1,2016:Q1-:Q2,2016:Q2-:Q3,2016:Q3-:Q4,2016:Q4-2017:Q1,2017:Q1-:Q2,2017:Q2-:Q3,2017:Q3-:Q4,2017:Q4-2018:Q1,2018:Q1-:Q2,2018:Q2-:Q3,2018:Q3-:Q4,2018:Q4-2019:Q1,2019:Q1-:Q2,2019:Q2-:Q3,2019:Q3-:Q4,2019:Q4-2020:Q1,2020:Q1-:Q2
Alabama,16.9,11.8,5.8,-19.8,-6.9,-6.7,4.6,48.3,-0.6,11.1,10.0,41.4,12.2,10.3,3.7,2.2,7.4,10.9,6.9,1.0,7.3,0.3,-3.1,-11.1,-4.8,1.2,4.7,32.4,13.2,14.8,9.3,10.8,-2.5,3.0,7.4,11.1,7.3,5.0,-0.3,-1.7,14.8,2.9,11.3,1.8,7.5,-1.4,3.5,7.4,7.6,0.1,1.1,3.5,2.6,5.2,10.1,3.6,4.0,2.5,7.7,4.4,5.9,11.5,9.4,7.7,8.8,7.3,8.5,12.8,4.9,8.3,6.0,10.2,5.6,5.9,7.5,3.0,4.8,8.1,8.2,10.6,11.5,9.7,7.3,17.0,12.1,10.1,7.0,10.0,9.5,9.0,6.9,11.7,13.7,9.1,7.0,16.0,7.1,10.0,20.6,7.4,14.6,12.5,15.8,4.1,12.1,13.8,9.3,9.0,11.3,16.3,13.0,16.2,6.3,9.5,12.3,4.9,13.9,11.9,15.9,8.2,18.9,14.3,8.2,14.0,4.6,12.8,11.9,11.3,3.2,13.8,16.7,12.8,3.6,16.9,2.7,3.5,5.3,5.6,4.5,6.3,8.9,10.0,11.1,10.5,9.8,9.8,7.0,9.1,5.9,5.0,6.4,9.1,2.6,5.6,3.2,6.0,5.2,9.5,11.8,1.8,9.1,10.5,6.8,14.2,6.1,3.8,7.2,7.8,7.7,4.4,4.0,7.2,5.2,5.2,9.0,9.2,8.7,6.1,3.2,6.6,2.2,1.4,7.9,4.8,8.4,6.5,7.3,6.3,3.8,4.4,3.4,3.6,7.9,3.8,4.0,7.9,2.5,5.4,6.2,11.3,4.1,4.2,4.7,2.6,1.3,5.0,5.2,5.2,6.6,1.5,5.8,3.7,4.5,-0.1,1.5,2.1,5.7,2.6,4.0,5.5,2.4,5.6,6.7,8.2,8.6,6.6,7.9,2.6,7.0,4.2,9.6,8.3,5.7,3.2,3.8,8.3,4.8,2.2,3.6,2.2,18.9,-11.6,-3.9,-5.6,7.4,-1.5,1.1,5.4,6.9,7.2,1.9,6.6,1.0,3.2,1.6,5.2,3.9,-3.8,10.1,-4.4,1.3,2.9,-1.5,4.2,6.9,5.5,4.8,6.8,2.6,3.2,0.1,2.1,2.1,1.5,3.4,6.9,3.4,2.9,5.6,5.9,3.3,3.2,4.2,5.3,2.6,2.9,2.4,6.4,34.9
Alaska,(NA),(NA),(NA),(NA),(NA),(NA),(NA),(NA),40.4,42.6,34.4,30.9,44.7,22.0,71.8,-34.3,79.8,-12.3,1.0,7.5,11.4,-2.3,-2.8,3.1,-18.1,-4.1,7.3,-2.3,11.3,4.6,4.5,4.4,6.5,7.6,4.4,-13.1,10.0,-1.3,-19.4,9.8,-4.0,13.4,15.4,7.7,-4.7,-13.1,15.3,30.7,32.0,6.5,12.1,-12.9,-11.8,0.7,-1.6,8.2,3.4,20.0,5.7,6.6,8.7,8.3,6.4,17.3,13.7,13.0,11.4,2.7,8.3,9.0,0.7,3.8,7.3,12.1,14.1,4.3,9.0,9.6,9.0,6.5,8.9,6.8,7.2,28.1,19.4,9.1,17.3,26.6,3.4,8.7,9.4,8.9,13.8,13.8,11.2,1.0,2.6,18.7,26.9,15.4,10.1,16.3,10.6,5.0,43.1,37.2,52.0,38.2,27.1,27.8,32.5,2.5,32.9,8.9,-5.7,30.6,-8.6,-23.3,5.9,23.6,1.2,-0.6,6.8,8.2,3.0,12.1,9.3,17.1,13.2,11.3,27.8,1.1,13.5,21.9,18.7,26.5,30.4,18.4,8.5,5.9,2.5,7.5,9.2,9.8,2.7,2.3,5.9,24.4,1.8,5.2,1.4,2.8,-1.8,-2.2,-2.9,-11.4,-2.4,-0.2,4.8,4.6,4.9,7.2,9.0,6.8,19.1,14.4,-6.2,6.3,9.6,5.9,5.8,1.8,0.9,7.3,7.0,11.4,2.8,5.9,2.0,12.6,0.8,2.9,5.2,3.6,2.0,3.8,3.7,3.7,0.7,2.8,2.6,1.9,3.2,5.1,3.6,6.0,8.8,2.9,4.7,8.6,1.1,2.6,6.4,0.1,3.3,1.2,11.9,12.0,5.9,5.8,2.8,7.6,10.3,0.3,5.5,5.3,3.4,4.8,8.0,-0.4,7.3,5.1,4.8,2.9,4.1,6.1,8.0,4.5,7.1,8.6,9.4,7.0,6.2,1.8,7.2,16.0,7.7,1.1,3.7,26.2,13.8,-1.4,3.2,-10.7,7.8,1.0,4.4,14.3,6.8,6.4,4.6,9.4,8.3,6.2,6.5,1.2,3.4,-1.6,5.5,-9.5,0.2,4.5,1.7,12.7,6.0,3.3,4.1,6.7,1.2,0.0,-0.4,-7.4,-0.4,0.4,2.1,0.6,1.9,4.3,4.0,6.3,3.1,6.4,2.8,4.9,2.6,1.6,2.3,2.5,24.1
Arizona,10.6,23.2,-6.1,-6.4,11.8,-2.7,7.3,20.1,3.7,22.5,15.6,49.8,13.1,20.8,17.4,30.9,3.7,0.2,-9.5,43.6,-13.6,8.1,5.0,9.6,-2.5,5.1,2.9,32.0,3.7,3.8,4.2,36.3,6.8,9.1,7.4,20.1,5.4,5.0,0.3,0.5,14.9,9.1,21.2,5.2,12.6,0.0,14.9,11.5,9.1,5.9,4.3,12.7,9.2,13.6,3.8,7.3,12.8,1.2,7.1,6.0,-0.2,6.9,9.6,7.6,8.7,5.2,7.3,5.0,4.2,6.7,9.4,11.5,6.4,9.6,12.3,6.9,9.2,7.3,7.8,16.5,24.5,18.5,13.0,17.9,13.7,16.1,17.5,14.1,14.6,7.4,13.0,17.7,18.7,10.2,15.1,19.9,5.5,16.8,22.1,9.4,20.9,14.9,14.8,11.1,12.6,12.1,5.5,2.0,9.4,14.4,10.4,10.9,10.9,11.2,11.7,9.1,15.9,13.0,19.5,16.5,18.1,21.8,15.5,22.0,10.6,20.1,14.0,16.9,13.3,10.0,23.7,9.4,13.4,19.6,8.7,0.4,4.0,2.6,9.5,10.4,13.9,14.2,12.4,13.2,13.0,13.9,9.0,15.8,7.2,9.6,9.6,13.9,6.1,6.7,8.2,7.2,9.2,5.4,12.7,6.1,6.3,10.2,6.7,9.7,4.9,5.4,6.1,3.7,5.5,5.1,2.2,8.4,5.5,2.0,8.4,7.0,9.6,4.3,7.9,10.0,6.8,4.0,9.3,11.5,10.9,10.7,9.0,10.4,5.6,10.2,7.4,10.7,7.8,7.1,5.6,12.7,6.0,8.3,9.4,11.7,8.7,8.5,7.8,-0.4,8.4,4.8,8.1,14.3,6.6,6.8,5.5,4.8,3.2,1.4,2.3,5.9,3.5,2.3,6.8,6.6,5.8,5.9,10.7,10.3,9.7,8.1,12.8,9.2,13.2,11.7,10.3,18.1,6.5,7.1,6.6,7.1,4.4,3.2,0.9,-0.9,12.9,-9.9,-6.4,-13.6,2.1,-3.0,3.6,-3.0,6.1,4.7,5.1,8.4,2.1,3.3,3.5,7.3,5.3,-1.9,14.4,-6.6,5.3,3.3,3.7,10.0,5.4,5.7,5.7,7.0,4.9,2.2,5.4,3.4,6.0,5.2,3.1,8.7,4.8,7.6,5.3,9.3,4.4,6.2,4.1,6.4,4.1,4.1,4.8,5.4,35.1
Arkansas,64.8,6.2,-2.0,-13.2,-25.5,-3.6,-3.6,32.9,9.1,-1.0,28.1,27.0,8.9,-1.6,8.5,-4.5,7.7,28.3,-19.2,12.3,-8.7,-3.6,6.1,-3.4,-9.0,12.2,0.2,6.1,28.1,7.8,5.5,5.7,-5.8,1.7,-4.7,9.7,9.0,0.3,4.1,0.2,13.8,-8.6,24.5,10.9,5.5,9.7,3.5,-13.8,12.5,0.6,5.3,16.9,7.8,-3.3,31.5,-1.0,6.4,5.0,1.8,9.5,-1.6,21.5,0.5,15.7,9.2,1.7,5.2,6.5,0.0,13.6,8.3,25.4,1.7,6.5,12.9,4.2,4.2,6.7,4.1,4.0,17.2,10.8,12.2,17.8,5.1,9.2,5.4,7.6,17.5,12.2,8.8,10.5,10.4,12.4,15.1,6.5,11.7,18.5,28.7,9.7,26.2,12.7,21.6,3.3,7.3,15.9,8.9,4.2,10.2,21.7,6.0,15.9,3.7,6.6,13.1,15.1,7.5,10.9,20.4,23.1,10.9,18.6,3.6,14.5,2.9,10.9,10.2,4.0,-1.1,24.1,16.4,17.1,7.8,16.2,-2.5,3.4,5.4,4.3,12.6,-0.8,8.4,7.0,9.3,20.4,11.7,6.0,6.9,7.7,4.0,3.3,6.5,5.5,3.7,6.7,4.7,-0.2,5.6,4.7,10.0,7.1,9.6,7.2,0.4,14.9,5.4,5.2,6.7,3.7,6.5,6.2,2.3,7.4,5.0,6.6,9.6,12.9,10.1,4.3,6.2,3.8,3.8,3.7,7.1,6.7,8.5,5.1,6.6,8.0,5.0,5.6,7.9,3.8,12.6,1.2,3.8,5.7,2.4,6.6,9.8,7.1,4.1,4.2,5.0,4.3,1.5,4.8,5.9,5.8,5.1,6.2,3.0,11.9,3.5,-1.2,3.1,1.4,3.9,2.3,5.3,10.0,4.0,6.0,6.7,6.4,6.7,5.7,10.0,0.1,6.6,3.5,11.3,7.0,6.2,3.0,4.6,8.7,8.0,3.0,14.2,-5.5,19.2,-10.3,-3.1,-2.1,-1.0,-2.2,2.0,2.1,9.9,7.4,1.4,14.9,1.1,6.4,5.6,15.3,7.0,-3.8,16.6,-11.6,1.6,2.2,-0.6,12.4,8.7,4.5,6.8,-0.8,3.8,5.1,2.3,1.2,3.2,1.5,3.6,5.9,2.4,1.8,5.5,4.7,4.5,4.5,4.6,2.1,2.8,3.0,2.3,4.8,31.3
California,8.0,10.2,4.0,-5.6,0.7,2.9,5.4,29.7,3.9,13.9,14.3,28.5,14.7,9.9,7.8,18.4,6.6,9.8,8.3,13.3,3.6,0.5,1.4,5.8,1.0,2.4,9.3,18.4,9.5,9.7,6.0,14.9,8.4,5.9,7.8,12.4,5.0,5.4,0.9,2.7,6.4,11.8,11.1,5.6,12.8,8.7,9.2,1.5,5.8,3.8,3.2,7.9,6.1,6.8,8.0,7.0,8.9,8.4,8.7,6.2,2.9,7.8,9.4,10.2,8.9,6.1,5.4,6.6,6.3,9.1,8.7,9.6,9.3,7.4,8.1,8.6,4.0,9.9,6.6,11.7,10.7,10.7,8.7,10.7,10.6,6.7,8.2,8.8,8.9,5.9,4.2,5.7,8.4,7.2,10.1,10.2,6.6,13.5,15.5,3.8,11.9,8.2,11.2,11.7,13.2,13.3,9.5,9.0,11.2,10.8,11.2,10.8,10.7,12.3,9.2,9.3,12.3,10.2,17.6,14.4,13.8,11.3,12.8,16.8,10.4,14.5,12.2,15.2,11.4,14.6,18.0,10.0,9.4,16.6,4.1,8.3,4.1,5.2,5.2,11.5,7.6,8.6,12.5,13.7,9.5,11.8,8.4,9.5,3.5,7.4,8.4,8.4,6.4,7.9,5.7,9.2,9.3,4.9,9.5,10.0,8.8,9.1,7.0,11.8,2.8,4.1,11.6,9.4,6.1,4.1,5.2,0.5,3.6,3.7,5.8,6.6,7.1,4.3,3.3,0.5,2.1,0.8,4.2,2.0,5.3,2.6,5.3,7.4,4.1,5.6,3.2,9.6,7.4,4.5,6.4,6.1,6.2,7.5,8.5,14.1,5.1,7.6,7.2,6.8,5.4,6.5,12.7,16.1,7.1,13.3,0.4,7.9,-1.2,-2.1,-0.2,3.6,3.3,2.0,4.5,4.5,5.6,6.8,5.2,7.0,7.7,4.6,8.7,1.8,7.0,6.9,9.3,14.1,1.8,4.9,5.0,6.6,3.8,0.5,3.9,1.3,5.0,-2.0,-6.9,-9.1,2.0,-1.6,2.9,8.7,6.8,2.0,11.0,12.7,1.6,4.5,1.1,14.0,5.1,-0.2,23.1,-16.9,7.0,4.8,7.0,6.9,8.1,9.4,5.9,10.2,7.1,4.8,4.1,5.2,3.2,5.0,4.6,4.6,4.8,5.3,6.9,4.6,6.3,5.5,4.0,6.1,4.2,1.5,6.1,4.5,28.7
Colorado,8.6,11.7,2.6,-6.3,4.6,0.7,2.0,36.6,-5.5,8.5,11.2,51.5,15.2,7.2,10.6,7.5,2.7,13.7,2.3,-7.0,6.9,-2.1,-1.7,11.9,-1.0,1.2,6.5,17.8,9.2,8.9,7.7,18.1,6.6,7.8,9.2,13.9,8.6,8.9,4.8,-8.9,2.7,10.7,7.6,3.1,13.3,2.6,15.7,3.9,6.0,4.0,7.0,12.1,5.9,7.7,5.3,7.4,4.0,3.2,3.4,4.8,5.0,6.0,8.4,7.5,2.0,5.7,3.4,6.6,7.3,14.6,6.4,8.0,4.7,6.0,6.7,10.6,6.5,8.5,9.0,10.6,14.9,11.2,14.7,13.7,11.3,9.5,11.2,19.1,9.3,16.0,9.4,15.2,17.9,5.7,10.4,15.6,9.2,18.3,24.0,5.4,17.3,12.8,16.1,10.6,9.1,13.1,7.9,7.9,14.0,13.5,8.8,10.5,7.5,8.9,11.4,7.3,14.9,14.6,22.0,9.1,17.4,16.4,14.6,14.2,10.5,19.5,13.3,16.5,7.1,17.5,22.5,10.7,10.8,22.6,13.3,4.8,10.6,1.6,11.3,7.1,7.0,9.7,9.7,7.8,10.8,9.2,7.1,4.6,5.3,3.3,4.7,7.2,1.0,2.1,0.9,4.8,5.2,4.5,8.1,1.9,8.1,7.6,7.4,13.9,2.9,6.0,3.1,8.8,6.9,6.1,2.5,6.8,7.0,6.3,8.5,10.7,10.5,7.4,4.0,14.7,5.5,5.3,9.5,5.0,11.6,5.4,11.0,10.6,6.2,8.9,5.9,9.2,9.1,7.1,6.8,6.5,8.2,10.2,9.0,15.0,8.6,14.5,1.6,9.8,8.0,3.8,17.4,11.4,13.4,11.4,3.8,9.4,0.2,-3.3,-0.1,-0.5,3.1,0.0,4.0,-2.6,3.5,8.3,-1.9,1.8,7.5,2.8,11.1,4.8,7.5,7.3,6.6,16.1,2.7,6.9,3.1,9.7,8.8,3.2,7.6,-3.1,13.2,-1.3,-5.1,-11.3,-6.1,-3.1,1.1,4.8,5.9,7.9,10.4,14.9,4.7,5.8,2.0,11.5,5.4,-1.4,20.5,-3.8,6.8,5.7,6.4,15.0,8.5,6.1,7.1,6.0,3.3,1.3,1.7,-1.5,3.6,5.8,6.2,9.4,7.2,7.8,9.0,7.4,6.7,7.1,5.3,6.8,1.9,5.0,1.9,6.0,26.4
Connecticut,5.0,12.3,4.0,-17.9,-2.7,1.2,2.9,32.8,8.6,18.7,17.4,21.6,13.6,5.4,5.5,13.1,6.4,9.4,19.2,7.7,8.5,0.4,-1.6,3.4,-0.4,2.4,10.6,6.8,10.4,10.1,8.7,12.5,6.4,6.0,10.7,9.0,4.5,4.1,-0.7,-21.0,6.5,4.1,7.1,4.7,9.5,9.6,7.5,0.5,3.7,-0.5,4.6,6.4,9.8,7.8,6.9,6.5,7.8,5.1,3.9,7.0,4.5,6.9,5.4,9.7,7.5,7.6,8.0,6.3,9.8,1.5,17.3,6.4,11.0,10.6,13.9,9.6,7.5,9.2,2.1,6.0,8.3,5.4,6.8,39.0,8.2,8.6,7.0,6.2,8.7,4.2,1.6,8.4,4.4,6.0,5.5,4.1,11.5,12.8,15.9,5.5,6.1,5.5,8.6,9.1,12.5,9.9,9.0,4.8,6.0,7.1,8.5,6.2,7.8,13.4,6.8,11.8,9.3,9.6,13.5,9.3,12.8,12.2,11.2,15.7,8.1,13.8,13.8,18.0,8.9,13.9,18.5,10.1,10.2,15.7,4.3,6.8,8.5,8.1,5.9,6.6,4.3,7.0,16.1,11.3,14.5,14.5,6.2,6.4,3.6,7.1,6.8,3.5,14.0,8.3,11.5,5.5,9.5,10.4,10.2,13.2,6.9,9.8,10.5,9.9,7.7,6.0,3.3,-0.4,5.6,3.0,-0.4,-3.4,5.4,0.6,3.7,16.2,8.1,3.2,6.8,-4.3,7.8,4.1,4.7,-1.3,1.6,4.6,7.1,6.9,5.2,5.2,3.1,3.9,7.6,4.3,5.2,8.7,6.1,5.2,9.2,12.0,5.2,6.7,5.9,3.4,5.9,7.7,6.3,19.1,5.6,7.6,4.0,12.8,3.9,-3.4,2.2,-3.3,4.1,-1.1,1.2,-3.9,6.0,5.7,5.9,0.1,9.3,9.1,6.7,1.0,6.3,3.4,12.2,15.0,3.5,2.4,7.3,19.3,3.4,2.3,2.1,23.5,4.9,-5.0,-5.3,-4.8,4.9,-0.3,3.9,4.0,9.0,3.0,-0.1,3.2,7.0,1.5,-2.6,2.9,4.5,-4.5,14.1,-17.9,1.6,1.7,2.4,7.0,6.0,5.6,4.5,-1.1,2.6,2.6,3.4,2.9,0.8,0.0,0.6,3.4,4.8,2.6,3.9,6.2,2.9,7.0,0.0,7.8,-0.3,0.1,3.0,2.4,18.3
Delaware,5.4,14.8,6.8,22.5,-1.6,2.1,2.4,50.9,9.4,21.0,14.5,-4.4,12.3,2.4,6.3,6.4,7.0,9.4,15.5,7.0,7.9,-1.8,-3.6,15.5,-2.4,3.8,10.0,39.2,11.9,10.6,8.9,38.1,7.1,7.2,9.2,-11.3,3.2,2.6,-2.6,6.0,1.4,7.8,1.2,6.2,7.8,-0.3,1.2,14.5,0.8,5.0,-2.4,-0.5,11.9,1.5,12.4,-0.6,12.0,5.1,5.1,7.7,10.8,4.6,7.5,8.7,6.2,14.4,6.9,16.3,3.5,11.1,8.5,4.9,0.7,2.1,9.8,1.5,14.9,10.0,4.3,11.8,12.3,6.2,2.8,24.6,0.2,14.2,8.7,2.4,9.7,2.3,7.6,14.9,9.8,6.0,12.9,5.8,12.1,11.5,15.0,3.6,15.1,11.8,10.9,-2.5,10.6,18.5,5.2,4.9,-0.2,13.6,14.1,5.4,12.2,5.2,12.5,-1.8,12.5,10.5,13.7,4.2,12.3,10.6,7.4,9.7,8.7,12.7,12.7,16.1,6.1,14.2,17.5,6.2,6.8,15.2,4.4,7.5,7.5,7.4,5.2,11.0,-0.8,5.9,14.5,9.9,14.6,9.2,10.0,10.1,5.3,3.7,10.1,-0.5,12.9,8.8,6.7,5.6,9.3,9.1,10.8,4.2,12.3,15.8,7.2,17.0,9.3,6.3,7.3,4.8,4.1,5.7,0.2,11.4,4.2,6.2,6.4,1.1,7.0,3.6,1.4,2.4,7.8,2.3,6.0,-0.6,8.5,3.2,8.7,4.3,5.9,5.5,7.4,5.6,9.8,6.3,7.7,-0.7,1.9,10.8,6.5,23.7,7.7,4.0,5.3,16.5,1.0,4.8,10.7,23.4,9.6,2.6,-0.7,32.0,6.2,5.3,4.5,3.8,1.5,2.1,0.0,-1.4,6.2,7.8,3.4,-4.5,11.4,3.3,13.7,-10.5,3.4,2.0,21.7,1.5,6.6,0.9,-1.2,8.3,4.9,-2.7,2.3,-10.0,17.9,-8.1,-11.4,11.7,1.9,-0.1,0.4,-7.8,8.2,10.1,5.7,18.5,2.9,4.1,1.3,-4.5,5.4,-1.9,12.9,-8.3,4.9,1.3,4.1,6.1,5.5,5.4,4.6,8.1,6.6,0.4,3.7,-1.6,5.4,4.3,4.5,6.3,2.3,7.4,3.8,7.0,4.4,5.6,1.6,7.2,1.9,2.1,2.7,4.8,30.5
District of Columbia,4.7,7.3,5.4,-1.6,5.3,4.0,5.6,2.0,2.7,15.6,21.2,-21.2,18.0,13.9,12.1,-8.8,8.2,7.6,5.5,-22.0,3.4,1.2,1.6,-12.6,1.0,4.6,7.4,-20.6,8.4,9.5,7.2,-2.9,6.7,6.5,6.8,-3.6,7.0,6.6,6.0,-15.1,16.0,3.8,11.8,-12.5,11.3,1.1,13.6,-16.2,8.4,3.8,6.7,5.8,3.2,6.4,4.1,15.4,4.9,6.0,6.9,5.3,5.3,9.0,6.4,6.6,3.2,9.6,1.7,13.1,4.0,13.5,6.5,-3.2,-0.5,10.0,18.3,-4.3,16.9,6.1,0.7,-2.0,14.4,3.2,10.0,-29.5,6.4,9.6,12.3,10.5,12.9,9.4,12.7,9.0,14.9,10.2,10.5,2.8,10.1,7.2,14.7,1.6,0.8,3.4,4.7,6.4,16.0,14.1,13.4,0.7,10.5,8.5,7.2,0.8,4.7,10.2,9.5,0.3,12.6,8.0,10.4,-1.7,9.3,8.4,8.9,-5.1,8.5,9.0,10.8,-6.3,10.5,7.8,12.1,5.9,4.0,11.8,1.7,8.5,7.5,5.1,7.0,2.5,4.7,5.7,8.4,10.6,10.1,12.8,7.0,4.8,1.4,4.5,6.5,7.9,3.5,3.8,4.8,4.0,6.1,8.2,11.7,6.1,10.7,15.3,6.6,3.0,3.9,2.8,5.6,3.0,6.1,5.0,3.7,3.6,5.7,3.6,6.7,5.2,6.0,3.9,1.2,11.1,0.4,1.0,0.7,2.4,5.7,1.8,2.4,-1.9,1.6,-1.2,1.0,10.0,1.6,6.4,6.8,3.4,3.2,6.0,4.6,8.0,6.8,7.6,1.6,3.3,4.3,7.7,8.4,22.0,3.4,4.9,9.0,-0.3,4.4,0.9,4.0,-7.4,6.0,1.6,4.4,-7.6,4.5,4.8,5.9,16.9,7.1,5.6,11.5,0.5,7.4,4.5,8.6,6.1,5.4,5.2,4.4,14.9,5.7,7.4,4.5,-3.2,11.4,-2.1,-3.2,1.7,2.9,0.1,2.6,16.8,8.0,5.9,8.0,17.9,4.0,5.2,2.3,6.2,3.7,-3.2,12.9,-5.9,3.9,1.2,4.6,15.0,5.7,6.1,3.4,19.6,4.9,2.9,1.7,9.6,4.4,2.3,4.3,1.2,3.0,5.3,3.7,2.0,3.6,6.0,1.0,5.2,2.0,2.1,3.2,5.9,15.3
Florida,6.4,17.3,3.5,-2.9,5.8,0.4,8.6,52.4,-7.1,10.9,14.1,21.1,16.6,8.7,4.6,28.3,9.5,10.6,5.5,29.7,5.7,1.7,5.2,11.0,0.7,4.7,6.7,38.0,10.7,10.1,7.2,45.1,7.4,4.0,7.5,27.6,4.7,6.1,2.5,17.4,5.5,9.7,11.7,9.9,14.4,9.1,5.8,-0.2,5.4,-0.1,12.6,2.9,6.0,8.5,7.9,7.8,10.0,7.0,5.6,9.2,3.1,9.9,11.0,10.7,10.2,5.6,10.4,9.5,7.4,12.2,11.8,7.6,8.8,11.7,8.4,13.2,8.3,12.2,10.2,18.1,18.6,17.3,13.6,19.8,10.2,17.6,16.2,9.1,18.0,9.1,8.1,14.3,15.2,10.9,12.3,17.6,12.6,14.4,30.5,8.1,18.2,17.8,12.3,11.7,11.6,11.6,5.1,9.3,11.1,8.0,7.0,11.7,8.3,7.8,13.5,9.8,13.3,15.4,17.4,14.4,12.9,20.3,12.6,16.3,10.5,18.6,15.3,22.6,15.6,18.5,19.5,16.5,13.0,18.2,4.4,8.8,3.8,8.5,4.8,18.1,10.0,8.6,13.2,12.0,11.3,11.9,10.8,8.2,9.0,7.2,9.2,10.5,7.6,5.7,4.5,11.1,8.2,9.7,11.9,9.3,7.0,13.1,9.8,17.4,8.6,8.0,8.3,7.9,5.9,4.8,1.4,5.5,4.5,2.9,6.5,5.7,7.4,6.1,7.8,7.4,4.8,2.8,4.3,5.1,8.4,4.9,7.9,10.6,6.0,6.2,6.3,7.6,7.3,4.9,5.1,6.8,4.8,7.0,6.6,12.2,8.0,5.8,4.1,3.7,4.9,5.6,5.7,16.2,5.1,7.1,6.2,7.7,3.7,0.5,1.9,5.1,4.1,2.2,5.9,4.9,3.7,7.8,9.7,8.3,10.6,7.9,12.3,8.4,9.3,8.7,9.9,14.0,5.3,3.5,5.2,4.7,5.3,1.8,0.5,-2.3,10.0,-10.0,-8.8,-13.9,0.6,-3.5,4.2,12.8,8.2,6.4,6.0,7.0,4.3,2.4,3.1,4.1,3.5,-0.6,16.7,-15.4,3.4,3.9,4.9,11.0,9.8,7.5,7.9,9.1,4.6,3.9,4.0,1.2,4.9,6.0,5.2,9.5,7.7,6.1,7.2,8.6,4.1,6.5,3.0,5.7,2.4,2.2,3.7,5.5,26.7
Georgia,13.9,9.9,6.2,-8.5,-2.4,-1.2,5.3,51.6,1.7,16.2,11.7,27.0,18.8,12.5,8.5,8.4,3.8,6.1,6.3,-3.0,9.1,-1.5,-0.7,1.6,-5.3,0.6,4.2,23.2,12.2,12.3,5.6,8.4,3.2,5.2,7.3,-0.7,5.4,4.8,0.3,2.4,5.4,11.1,4.7,6.5,6.7,5.8,6.1,1.9,8.8,1.4,1.4,4.6,4.8,4.0,14.1,5.5,8.2,6.4,7.8,9.3,9.1,10.6,9.3,6.7,6.6,9.4,9.2,12.3,9.2,13.0,11.0,10.0,9.3,8.5,12.6,10.6,4.0,8.6,5.3,12.2,15.3,11.8,10.9,11.2,13.4,13.2,8.7,6.8,9.9,4.1,12.2,10.5,14.7,8.6,8.8,15.1,8.2,15.7,20.5,7.7,13.1,12.5,14.8,5.2,8.5,10.9,6.6,1.4,13.1,9.1,16.5,11.4,8.8,9.8,9.3,6.5,14.3,14.4,14.8,12.5,13.1,13.9,11.3,13.2,8.2,13.4,12.0,9.6,10.4,13.3,17.2,15.1,9.2,15.9,5.3,7.9,7.9,7.0,7.0,10.4,10.8,10.4,14.7,16.5,13.0,12.1,9.7,9.4,6.9,9.1,9.7,12.5,6.0,8.4,7.3,6.5,6.7,10.2,11.5,6.7,9.8,9.6,8.1,10.0,3.7,6.8,6.6,10.3,6.6,6.8,-0.2,4.6,7.6,5.2,8.3,11.1,8.6,6.1,6.8,5.8,7.0,3.0,8.1,7.8,11.4,5.4,9.8,9.9,4.1,7.6,9.4,7.3,12.0,5.8,5.0,8.3,3.5,6.8,8.4,16.5,7.8,9.2,6.1,8.1,3.4,5.2,10.0,12.7,7.1,5.5,4.9,6.6,4.7,1.3,3.8,0.8,5.6,0.8,4.4,3.1,3.7,5.1,4.5,4.1,8.7,5.8,6.6,5.1,6.6,3.9,10.8,8.0,4.6,4.5,7.1,4.6,5.1,1.8,1.4,-4.2,14.6,-10.3,-4.2,-5.7,5.2,-1.7,-0.3,2.0,4.4,5.3,5.6,16.2,2.0,4.9,1.0,3.1,2.6,-0.8,13.3,-8.4,4.4,1.8,4.2,12.1,7.9,6.9,6.4,8.4,4.5,4.5,2.8,5.8,1.3,3.8,5.5,9.4,4.1,4.6,8.0,6.1,4.4,6.8,1.5,5.5,2.7,2.6,2.8,6.0,28.5
Hawaii,(NA),(NA),(NA),(NA),(NA),(NA),(NA),(NA),23.5,23.9,21.4,12.2,17.4,14.5,11.6,10.4,7.9,4.9,9.1,1.8,2.4,0.3,-0.6,0.6,1.8,0.5,3.4,7.5,3.6,5.8,9.8,2.3,3.9,3.6,5.1,10.7,4.7,5.3,3.7,-4.1,3.5,16.7,6.9,19.8,7.0,6.0,9.6,25.6,15.4,6.3,8.9,10.7,6.6,5.8,8.8,1.2,11.2,12.0,10.0,1.8,7.1,3.7,11.1,9.9,9.9,9.7,4.5,12.5,8.8,14.6,8.8,17.4,0.2,0.2,6.2,12.7,9.8,14.9,8.2,9.5,16.6,21.6,5.4,19.0,7.5,18.7,21.9,17.3,14.6,13.6,6.9,5.3,9.7,9.0,6.7,6.1,13.1,15.9,18.9,7.9,4.9,7.8,12.3,17.6,16.6,16.3,10.0,2.2,9.4,6.9,12.9,4.7,7.0,8.9,7.9,9.7,5.6,6.7,15.3,7.4,11.1,17.3,10.5,13.5,10.8,12.2,7.8,28.7,10.0,10.0,10.7,14.4,6.2,4.3,-11.0,20.0,6.0,7.4,7.1,21.4,3.3,3.3,14.4,2.4,11.9,6.1,5.0,8.5,4.9,4.7,4.7,7.8,5.9,7.6,5.6,4.1,7.7,9.1,11.0,9.3,11.2,9.8,10.5,11.0,9.1,18.3,16.7,-0.3,10.0,8.6,9.4,2.9,2.3,6.0,8.6,9.5,8.3,5.4,7.5,6.1,0.2,-3.1,-0.3,6.3,1.9,4.1,5.9,0.0,4.2,-1.3,0.0,-1.0,0.7,0.4,1.2,6.1,3.4,5.7,1.5,-0.3,1.6,2.8,3.1,1.6,3.4,9.5,3.1,6.1,9.7,2.9,5.7,6.1,1.0,4.5,0.2,9.2,5.4,3.4,5.6,3.6,4.8,5.2,7.4,8.2,8.9,9.0,10.1,4.8,8.8,3.7,11.4,8.4,5.5,6.1,3.1,6.3,6.4,4.9,4.7,6.7,13.0,-6.0,-2.9,-2.6,4.2,-2.2,1.1,1.8,4.9,6.8,4.6,8.0,1.9,2.6,5.5,5.4,4.9,-1.6,7.7,-4.8,2.4,3.2,4.4,7.7,6.9,5.8,4.4,6.7,4.7,3.8,4.4,4.1,3.3,2.7,3.7,7.6,2.7,3.3,2.6,3.5,3.2,2.4,3.3,3.9,1.5,2.5,3.6,1.4,67.4
Idaho,12.8,4.1,6.4,-13.4,6.7,-4.1,-4.8,28.5,-0.6,16.2,9.7,22.0,13.1,7.9,9.1,3.1,18.3,23.2,-4.3,-15.7,-16.4,2.0,3.3,8.4,-2.3,1.1,5.0,9.9,11.0,-2.9,7.7,20.4,10.2,13.1,2.2,1.4,9.0,10.0,1.5,-7.7,0.9,9.3,11.2,2.2,7.0,1.5,9.4,2.0,-1.9,-1.0,-0.8,14.0,6.1,9.3,7.9,15.8,1.9,-2.7,1.6,3.4,-0.4,12.0,1.1,-2.3,2.1,9.3,13.9,27.2,5.4,17.3,5.3,-0.5,-8.9,-4.6,8.3,7.2,7.0,19.0,9.2,4.8,5.9,0.1,3.3,44.5,18.2,7.3,7.1,17.5,7.2,11.0,6.0,9.5,12.1,7.0,13.5,12.7,13.6,21.5,25.0,1.5,18.2,17.4,28.7,21.2,4.5,22.6,7.4,-2.6,9.9,15.0,15.4,15.3,4.9,7.8,11.4,4.7,7.3,15.0,24.2,10.3,16.9,13.0,13.2,3.5,5.1,13.5,13.1,17.1,-1.4,21.3,23.8,3.9,4.6,14.8,-3.4,2.9,8.0,6.4,10.0,24.5,0.6,-2.6,10.0,6.6,9.2,9.4,7.7,7.2,1.6,0.9,5.2,0.4,1.5,4.1,-0.1,5.2,6.0,7.2,9.6,8.6,9.3,10.7,-1.1,26.6,5.8,3.7,9.2,15.0,5.2,4.9,2.7,4.1,7.1,5.1,11.3,15.0,10.1,8.1,3.1,20.4,8.4,-0.6,16.4,2.1,9.8,7.8,4.9,10.1,5.5,5.9,11.7,4.3,10.0,-1.1,4.0,4.0,4.2,7.6,5.2,16.8,4.4,4.8,7.0,9.4,1.8,5.3,11.2,10.3,10.2,1.8,8.1,3.5,4.1,-1.5,1.4,5.7,2.6,5.1,6.7,-1.0,3.0,6.6,5.0,12.3,9.2,4.0,9.4,3.1,7.9,7.3,10.3,18.4,9.7,1.2,8.9,12.3,3.7,0.5,4.3,1.6,14.5,-10.4,-7.3,-4.6,-1.4,-1.6,2.0,4.4,6.1,7.1,6.1,8.9,2.7,4.2,2.4,9.4,5.9,1.4,17.3,-6.6,7.9,3.9,2.5,6.0,9.6,5.8,8.2,10.0,1.3,5.3,0.8,4.9,5.4,4.7,2.8,8.0,9.1,5.8,8.1,10.9,5.3,4.1,6.6,5.6,5.1,4.9,4.6,6.5,33.6
Illinois,7.4,10.7,-2.7,-21.8,-3.7,-2.0,0.7,22.1,9.2,17.3,17.9,8.1,12.7,4.7,7.7,-2.8,5.7,10.3,12.5,5.7,7.7,0.9,-0.5,-1.7,-0.5,2.6,7.3,4.7,10.7,9.1,6.7,12.8,7.3,7.5,10.1,0.4,3.1,3.9,-0.8,-4.1,2.8,5.2,6.2,6.3,11.7,1.4,4.2,3.3,1.6,3.9,-0.3,4.9,5.0,7.0,6.1,5.4,8.0,1.9,4.1,3.4,3.5,5.7,5.5,7.7,8.5,7.6,7.9,8.4,8.5,8.9,12.1,6.9,5.8,9.6,8.0,5.0,5.2,8.4,1.6,9.0,9.4,7.0,9.6,9.4,9.8,8.1,4.4,6.7,3.2,9.7,5.6,3.3,15.1,6.1,8.7,7.7,6.3,7.9,17.8,9.8,11.9,10.5,14.3,4.7,4.8,14.8,12.1,5.6,7.8,10.3,9.2,9.3,6.0,9.7,9.2,10.4,11.1,9.2,12.3,9.3,11.3,10.2,7.8,10.1,8.0,14.2,7.6,8.3,1.1,13.6,12.0,13.8,6.7,15.1,5.9,0.2,9.6,4.5,2.5,0.1,4.6,6.5,12.4,12.8,11.8,9.0,5.0,3.6,2.4,4.3,6.2,4.3,7.5,5.1,3.7,6.1,5.4,7.4,8.5,10.1,4.4,8.6,9.3,7.9,3.9,4.5,6.0,8.1,7.4,4.4,3.8,-4.9,4.8,3.7,5.3,13.5,9.8,5.5,7.5,-3.4,5.4,3.8,6.1,3.2,8.0,5.5,6.4,8.3,3.4,5.1,6.0,8.6,7.0,5.2,5.5,4.7,5.8,6.9,8.1,3.8,7.8,5.7,3.5,3.7,4.0,1.9,10.2,12.3,5.2,7.9,3.0,7.5,-0.6,0.2,0.9,-0.7,6.0,-0.9,3.2,-2.3,4.1,3.9,3.9,1.0,6.6,4.5,7.5,-0.5,4.1,5.4,8.0,10.1,5.7,3.1,4.9,9.6,5.6,2.9,5.9,-0.7,11.0,-5.7,-5.1,-14.7,1.4,-2.3,3.4,0.9,6.6,6.0,4.4,10.3,1.3,2.4,0.6,10.4,4.5,-1.9,13.5,-4.6,4.0,1.9,3.3,7.3,5.7,4.5,5.2,5.8,3.0,3.8,1.1,-1.3,0.3,1.1,4.4,2.4,4.2,4.5,4.1,7.9,3.9,3.3,3.1,2.7,0.0,3.3,1.9,3.7,48.8
Indiana,9.9,11.8,-3.7,-16.9,-3.3,-2.8,-1.3,36.5,8.7,19.1,18.4,27.4,14.8,2.1,8.3,-1.2,3.4,10.3,15.3,17.3,8.1,1.8,-1.4,-21.1,-4.1,2.1,6.3,14.9,10.2,6.3,5.9,9.1,7.0,6.9,11.4,-4.6,4.2,4.7,-2.1,-6.9,0.4,6.7,9.1,10.7,11.0,-7.2,4.5,18.1,3.2,-0.9,-1.6,1.5,6.8,8.4,9.6,5.3,8.0,4.9,5.8,2.4,7.0,4.5,5.9,5.0,7.9,9.7,6.0,14.6,10.9,8.7,14.4,4.7,5.6,8.1,5.0,5.2,-0.4,6.8,7.0,12.4,9.8,8.0,10.6,14.1,10.8,9.1,3.7,-0.5,4.7,6.7,0.9,13.0,17.7,3.6,9.7,12.2,3.7,9.2,20.0,19.8,12.9,10.9,16.4,-4.1,3.3,15.0,9.0,2.2,4.3,18.3,11.0,10.4,11.2,9.3,11.3,5.2,18.0,11.1,11.8,6.3,16.5,11.9,11.7,12.3,3.6,9.7,8.8,6.9,-1.2,14.9,19.3,9.1,3.9,12.5,-0.8,1.6,5.4,2.4,4.6,1.6,5.1,9.7,13.4,16.8,9.4,6.1,5.0,8.3,4.8,1.4,2.9,10.7,4.4,4.0,5.5,5.8,6.1,8.2,10.8,0.4,9.2,10.2,9.6,18.0,5.3,-2.8,5.3,11.0,5.3,6.8,0.5,-1.0,4.3,5.6,9.4,8.0,12.3,6.6,6.2,1.3,7.9,3.0,8.5,6.5,4.8,7.4,5.6,5.3,2.2,2.6,3.8,7.8,9.1,4.8,4.6,5.3,3.8,4.3,9.9,12.5,7.1,4.6,4.9,1.7,3.4,4.0,11.8,9.6,5.0,4.9,-2.9,8.7,-0.3,-1.7,0.7,0.6,4.8,2.1,4.1,-1.6,2.7,3.4,8.7,-0.1,9.7,3.5,5.4,-3.8,7.3,5.0,5.6,10.2,3.9,3.2,2.5,6.0,3.6,-0.3,4.6,7.8,15.9,-8.4,-4.6,-8.6,1.3,-0.5,7.0,3.1,8.0,4.4,5.5,9.9,5.0,7.8,2.9,4.8,6.0,0.9,9.1,-3.5,0.1,0.4,-0.1,7.0,7.5,4.8,4.7,2.9,4.5,2.2,3.5,0.9,3.7,3.6,3.8,3.8,4.2,4.0,5.5,8.6,2.4,4.1,4.5,4.1,1.4,3.7,2.9,3.2,28.7
Iowa,34.9,5.3,-11.6,-37.3,-19.0,-9.8,11.4,36.3,18.1,31.9,3.3,6.3,5.0,-7.3,0.4,1.8,22.0,20.8,-1.4,-20.1,-7.5,-1.1,2.6,31.1,4.9,7.1,-8.4,-9.3,-9.3,-0.9,1.0,5.6,13.2,13.8,19.2,3.1,14.2,12.4,0.3,-11.0,13.9,1.7,1.2,0.8,3.2,0.5,6.9,-3.5,4.9,6.4,3.6,9.1,3.2,7.4,5.5,5.6,1.4,-1.2,10.5,8.4,4.5,7.4,9.1,2.2,-0.6,5.1,12.3,10.9,18.2,8.2,12.4,17.7,-1.2,0.0,8.5,-1.8,-2.9,12.7,-1.6,16.0,7.8,10.5,2.0,16.0,15.8,12.7,5.9,8.3,1.9,5.3,4.4,1.4,10.3,2.9,11.4,13.8,7.9,11.1,43.6,5.6,28.2,22.0,20.1,-16.1,-11.8,18.4,14.7,14.6,7.3,16.5,9.6,-0.7,3.2,8.4,11.0,15.3,7.7,6.3,16.7,29.3,11.8,9.1,9.1,6.1,2.6,11.1,4.2,7.9,-10.2,27.6,17.7,18.1,2.9,21.1,-1.4,-9.8,7.3,5.9,16.0,-12.1,3.4,-4.0,17.7,25.5,8.4,5.2,4.5,4.9,0.3,-0.2,3.4,4.0,4.0,6.4,2.3,3.1,7.9,3.5,10.5,-2.6,1.8,1.8,10.6,22.6,2.3,2.0,8.8,5.3,6.5,5.9,0.2,-1.9,4.9,2.9,6.1,14.1,7.1,4.7,1.7,-9.3,6.3,1.0,5.6,24.0,5.4,2.2,8.2,-0.4,3.7,6.7,8.1,19.4,10.2,-3.6,5.0,8.5,0.8,6.2,9.1,1.6,3.4,8.7,3.2,-3.7,3.0,4.9,10.7,7.6,7.4,6.1,-0.5,4.0,2.8,1.5,0.5,3.3,3.0,2.5,2.7,-1.9,3.9,4.3,5.7,17.9,5.8,2.5,9.5,-4.8,7.0,4.9,3.4,11.9,4.9,2.6,6.1,13.7,6.4,2.5,8.0,11.3,11.6,-8.0,-3.2,-12.2,4.4,-0.5,4.9,-0.3,7.1,4.4,4.8,19.1,2.0,7.4,3.9,7.8,6.5,-3.3,10.5,-2.1,2.2,2.3,-2.1,4.7,10.3,2.7,3.4,4.6,1.5,4.8,1.6,-2.5,0.8,3.2,0.0,6.3,1.9,0.1,5.8,9.2,5.5,3.3,9.3,1.4,-1.0,7.8,0.4,5.3,50.1
Kansas,33.1,0.2,16.4,-19.2,4.0,-7.1,-0.6,47.7,0.5,11.4,18.5,23.1,-8.4,18.7,9.4,21.5,25.1,39.1,-18.7,-12.1,-6.5,-8.5,4.6,18.6,7.6,6.0,-0.1,-5.4,2.0,-1.5,6.5,1.9,10.5,10.0,6.3,-0.8,7.0,8.8,5.4,25.5,-5.3,15.9,5.9,-2.8,-5.3,-2.1,7.7,-1.5,8.4,14.9,3.7,8.5,-6.9,6.3,-0.7,12.4,4.7,-1.6,3.4,4.7,2.5,-4.3,7.9,5.2,9.7,6.3,6.1,6.0,6.8,8.0,5.1,8.4,7.5,4.9,10.0,2.2,-1.2,8.8,6.5,14.2,7.6,11.0,6.8,18.4,8.0,11.5,11.8,6.3,7.1,10.7,2.9,10.6,14.7,2.9,8.6,14.5,11.9,12.1,20.3,1.9,14.6,24.2,29.9,-7.1,-3.4,10.3,12.5,4.7,11.7,17.2,6.4,8.9,4.2,8.1,10.7,2.7,8.8,13.1,31.7,-11.8,17.3,18.4,16.2,10.3,13.1,15.0,15.1,5.0,1.3,13.9,22.1,13.8,8.2,15.5,9.5,4.9,13.0,-0.7,12.2,-3.2,4.5,5.4,9.0,15.4,8.7,9.2,8.1,4.2,2.0,3.3,3.1,7.9,3.9,5.1,6.0,1.8,6.0,4.7,7.0,3.3,6.6,4.6,7.0,10.7,2.2,1.6,6.1,10.4,6.5,6.5,0.7,-1.0,5.2,7.2,7.8,11.3,7.4,3.4,6.1,3.9,5.3,3.0,4.8,3.1,8.1,2.2,6.5,3.2,3.5,5.0,3.8,11.2,6.4,5.0,6.4,5.9,5.7,7.5,7.6,4.8,7.0,5.2,4.1,-1.9,3.6,3.7,14.0,-1.2,10.5,7.0,-3.7,7.3,3.1,-0.1,2.6,-3.9,4.5,0.8,4.0,3.0,1.2,4.9,2.2,-1.3,5.2,7.2,4.3,6.4,7.5,4.7,2.9,27.2,8.0,4.0,6.6,12.8,6.5,3.0,7.8,20.4,15.7,-5.8,-5.4,-8.3,-0.6,-3.3,3.0,-4.1,9.1,7.9,7.3,11.5,9.0,6.6,1.8,17.9,1.0,-6.4,15.5,-6.5,8.6,1.2,3.0,-4.9,7.5,5.7,3.2,-2.7,1.0,0.8,-0.9,-3.8,3.4,3.1,2.1,3.9,2.4,2.6,5.8,6.5,5.3,4.1,4.5,6.6,0.7,5.4,3.1,3.1,25.3
Kentucky,18.0,18.2,-3.0,-22.7,-0.9,-7.0,-1.6,42.1,-2.5,10.7,11.4,32.1,27.1,6.7,12.0,-4.9,6.1,15.0,3.3,10.3,-0.6,0.9,-3.2,-2.2,-3.7,0.6,7.0,7.7,2.3,5.4,8.3,-2.9,15.1,6.7,8.1,2.9,4.0,3.0,-1.5,9.2,4.3,6.5,7.9,1.6,10.3,1.1,3.3,-2.8,11.5,4.5,-0.4,9.4,4.4,11.6,11.4,2.7,6.5,1.4,6.2,6.6,5.5,3.5,4.3,8.8,-1.5,3.5,7.0,11.9,9.9,12.2,7.0,11.4,5.2,10.8,11.9,11.8,-0.1,9.3,6.1,11.6,13.8,8.1,8.9,19.2,9.9,7.5,3.3,9.4,10.8,12.2,6.6,9.0,11.3,5.1,7.1,15.0,6.4,12.0,24.3,7.6,8.1,13.8,15.9,9.0,14.7,15.2,8.6,1.1,11.5,10.1,14.3,14.9,5.3,13.8,12.2,11.1,16.8,8.1,15.6,-1.8,28.4,11.5,8.9,15.7,5.8,15.1,11.2,4.9,3.2,15.5,13.2,11.6,1.4,28.4,3.5,4.0,4.9,5.8,-1.2,-0.8,5.5,11.9,12.4,16.9,11.3,7.8,5.3,1.8,2.5,3.4,4.9,-0.1,2.5,5.8,2.4,3.5,6.2,12.0,12.8,2.8,11.0,11.6,5.9,12.5,1.2,4.1,8.2,7.7,5.6,5.6,4.5,3.3,6.1,8.0,10.0,9.3,7.1,4.4,4.7,2.5,3.6,2.6,6.9,4.0,7.6,3.4,7.2,3.8,4.6,3.5,5.2,6.6,10.3,4.3,4.6,10.4,2.9,4.5,7.4,7.1,6.3,4.4,5.1,2.2,3.8,4.7,9.8,12.2,6.3,6.5,3.4,2.8,3.3,0.5,2.5,0.4,5.4,1.7,3.8,0.7,2.8,4.8,5.1,6.8,6.1,6.1,8.5,-0.1,6.9,5.2,5.2,9.7,4.4,2.9,3.5,7.1,4.9,1.4,4.7,6.0,17.6,-10.2,-2.6,-6.8,6.2,-0.4,5.0,1.4,7.5,5.2,2.3,7.3,3.7,5.1,4.9,3.8,3.9,-2.0,7.4,-3.0,0.5,1.5,0.8,9.6,6.9,4.2,5.3,4.8,4.7,2.7,3.4,-2.9,2.8,4.7,1.2,4.2,2.4,3.5,4.8,2.9,4.8,2.9,3.4,5.1,1.9,3.3,3.2,3.9,40.4
Louisiana,12.8,11.0,0.8,25.5,-1.9,-6.7,6.5,24.2,-3.0,8.7,13.3,15.0,15.8,11.6,6.7,8.4,7.2,14.2,1.3,9.8,5.1,-2.3,5.9,-3.0,-5.8,3.5,4.8,7.8,9.5,8.7,8.8,22.5,6.7,5.6,5.6,30.3,4.7,4.5,0.3,2.1,1.2,1.0,11.4,0.4,7.5,4.3,3.3,-3.1,4.7,-0.7,-0.1,7.2,5.5,2.5,12.5,5.5,1.6,9.1,1.7,7.3,7.4,10.9,7.8,6.0,7.1,3.1,6.8,9.1,8.2,13.5,12.1,8.8,8.6,14.1,10.0,14.7,4.8,2.7,11.7,18.4,6.3,6.7,3.8,5.1,8.4,11.0,5.8,6.6,11.5,8.4,8.0,11.7,9.1,5.6,7.4,8.2,11.0,12.6,16.8,3.4,10.0,22.1,13.6,9.2,13.7,16.5,14.3,9.1,13.6,10.8,14.2,15.7,11.9,7.8,13.6,11.8,12.1,10.2,14.4,14.1,17.7,17.3,10.5,14.2,8.1,18.6,14.2,14.7,9.6,23.3,19.6,12.9,11.5,18.1,9.5,6.2,4.1,3.8,4.2,6.1,0.3,6.8,7.8,4.2,9.4,8.0,4.2,3.2,3.0,2.7,1.2,1.6,-3.5,-1.1,-3.4,1.0,0.8,5.3,6.6,3.4,7.4,7.8,5.1,7.2,5.0,3.9,7.5,10.9,7.6,7.1,5.3,2.2,6.1,5.6,11.7,5.8,9.3,2.8,5.3,5.0,5.3,3.7,4.7,12.8,1.9,8.1,6.2,4.5,3.5,7.0,0.4,4.6,7.9,3.5,3.9,6.3,4.0,5.2,8.6,2.8,6.6,2.6,1.5,1.5,1.8,2.4,6.9,10.1,5.2,2.1,2.7,18.0,5.3,2.0,3.7,1.0,3.7,2.4,4.8,-2.0,5.2,5.6,5.7,-0.9,7.0,4.5,9.4,5.3,5.0,19.5,4.1,1.4,5.3,4.1,7.4,9.5,24.9,1.6,5.2,5.7,19.1,-6.2,3.3,-9.7,-3.7,-2.0,0.5,10.1,6.9,8.2,2.3,2.7,1.9,3.4,3.4,9.6,7.5,-2.1,11.1,-5.5,2.2,1.1,1.9,8.6,6.8,4.5,3.2,-3.9,0.1,2.2,1.7,-9.1,3.0,2.0,6.9,0.5,2.5,4.1,5.3,5.5,7.1,2.2,5.0,0.6,1.9,0.4,4.6,-0.5,35.7
Maine,4.8,18.0,15.0,-24.4,3.6,-1.7,-0.9,5.1,-1.0,8.0,11.0,12.8,16.4,8.8,7.2,8.7,6.4,13.0,16.1,-12.5,-1.7,0.6,-5.2,6.9,-0.1,3.6,11.3,9.3,18.9,9.4,6.1,3.8,4.1,2.7,6.8,2.6,3.5,6.2,0.6,4.6,4.4,6.6,4.1,-1.0,8.9,5.4,9.7,4.4,9.7,1.4,-0.2,0.8,-1.8,5.2,1.2,5.4,6.1,4.3,2.0,2.4,1.1,6.9,5.8,12.1,7.8,4.3,16.3,6.2,7.2,5.6,5.4,8.8,4.5,5.5,6.1,3.2,5.7,5.9,4.0,11.6,3.6,5.0,7.9,17.6,11.5,6.9,6.7,14.2,12.1,7.1,6.9,4.1,11.1,9.6,3.9,25.0,-2.0,4.1,15.6,11.2,19.6,13.3,16.6,9.4,7.7,7.8,7.8,0.7,12.6,14.0,15.2,15.2,12.2,16.5,8.7,2.4,10.8,7.6,12.3,9.7,11.7,10.0,10.5,14.8,6.6,12.2,9.8,17.8,8.5,13.4,15.1,11.2,5.4,12.1,1.7,9.1,11.7,14.1,6.2,6.0,7.3,5.9,8.3,18.1,10.0,7.6,8.0,16.6,0.3,2.3,10.2,5.8,15.0,9.2,10.9,1.1,10.3,11.1,13.6,3.2,13.1,13.9,10.8,14.7,2.8,-0.1,6.4,6.9,4.9,2.3,-2.5,1.9,1.2,3.8,7.2,4.8,6.5,4.1,0.4,5.6,1.1,4.8,2.0,5.6,4.5,3.1,7.2,2.9,6.1,1.8,4.3,7.7,7.5,4.4,5.7,7.1,3.7,2.9,9.3,8.2,8.8,5.7,4.7,1.2,6.2,12.9,-1.2,14.3,7.6,4.4,3.7,10.4,4.8,0.2,4.2,3.4,4.1,3.7,4.0,5.0,3.9,6.8,8.9,1.5,5.7,4.1,7.7,-7.3,5.6,4.7,9.6,6.4,3.3,0.7,2.4,6.4,4.9,2.3,2.0,6.3,13.4,-5.5,-1.8,-6.4,9.6,-0.2,2.2,0.1,4.0,3.8,-0.8,11.3,0.9,3.3,4.0,0.3,4.6,-3.5,5.6,-7.3,1.7,1.8,3.9,3.3,7.5,4.8,6.9,-0.6,6.1,4.2,4.5,0.7,4.1,0.9,3.8,5.7,3.1,6.0,4.5,7.3,4.9,4.3,1.0,8.7,2.1,3.1,3.7,4.5,41.0
Maryland,6.4,11.5,4.2,-3.2,0.2,1.3,2.4,28.4,6.2,17.4,17.5,19.3,16.4,9.4,8.9,13.4,6.5,8.8,11.6,6.9,6.2,0.0,0.0,-3.0,0.7,2.6,7.5,10.6,8.5,9.1,8.0,13.6,7.1,6.6,8.3,8.9,4.6,4.5,1.4,-9.2,9.8,8.0,9.9,2.8,8.9,-4.5,8.6,9.0,3.3,3.7,4.0,7.9,7.4,9.5,6.9,10.1,8.4,5.0,6.7,7.5,6.7,7.5,10.5,8.5,8.9,10.7,8.3,10.1,5.5,13.4,5.0,16.2,7.8,10.2,9.6,11.1,6.2,7.0,8.0,11.3,15.9,8.6,12.9,26.4,11.1,10.3,10.3,14.6,11.9,7.5,8.2,10.7,14.5,8.8,8.1,8.4,8.5,12.2,15.3,9.2,8.1,8.3,9.4,6.8,12.5,8.9,11.4,5.8,4.6,10.4,10.2,8.9,8.0,11.0,5.7,6.9,9.9,9.2,12.2,9.4,14.1,11.3,9.7,9.7,7.0,11.5,10.5,12.8,11.3,9.8,15.9,10.9,7.8,16.2,5.7,5.5,10.6,8.1,8.7,4.5,5.3,9.6,8.2,13.9,12.9,12.3,7.3,10.0,4.8,6.0,9.0,10.1,7.3,7.0,7.9,6.1,8.5,9.5,12.9,8.4,7.7,13.5,9.2,10.4,4.5,4.1,5.8,8.8,7.2,4.5,0.8,3.8,4.5,2.7,5.4,5.6,6.7,4.3,2.9,5.6,3.6,1.3,5.1,5.4,5.3,5.7,5.2,4.9,3.9,2.3,3.2,5.8,6.5,4.6,5.7,6.0,4.8,4.7,8.9,10.2,8.9,6.6,5.8,7.0,2.9,7.5,8.3,15.3,5.8,7.8,6.3,7.1,4.0,1.2,3.6,5.4,5.2,2.6,4.6,2.7,6.3,7.2,5.8,7.7,7.7,4.8,8.8,0.6,7.6,6.9,7.6,4.5,4.2,4.0,4.2,4.0,5.7,1.4,4.4,7.5,9.5,-3.2,-1.1,-7.5,6.2,0.5,3.5,0.4,7.7,4.5,7.1,7.3,4.8,5.0,1.5,4.5,0.8,0.5,6.9,-7.9,0.9,0.3,3.0,3.9,6.3,5.4,3.0,8.3,2.8,3.1,3.1,4.4,4.1,3.6,4.5,0.8,3.7,4.0,6.0,0.6,4.2,4.5,1.5,5.3,2.4,1.4,3.5,4.9,22.2
Massachusetts,4.8,11.4,3.5,-12.2,-1.4,2.0,3.3,28.5,4.1,15.3,17.0,1.9,13.8,6.6,6.5,-5.6,6.0,9.4,15.9,0.4,7.7,0.8,0.1,-2.2,0.4,3.1,10.3,2.3,10.1,10.3,8.8,-0.2,6.7,6.3,9.9,4.1,5.3,4.6,1.1,-4.6,3.5,9.7,7.1,2.8,9.7,8.0,7.3,-0.9,5.2,2.5,2.2,6.6,7.1,4.7,7.6,4.9,6.9,4.0,3.2,4.4,3.0,4.9,5.6,8.4,8.1,6.8,7.1,2.7,7.6,13.8,3.5,8.2,5.5,8.9,10.5,8.8,8.4,8.6,6.2,12.4,9.8,7.0,10.2,7.9,9.7,8.7,6.1,8.9,9.7,6.1,5.5,5.4,9.3,8.7,4.5,10.8,6.8,6.5,12.4,9.0,8.9,5.9,7.7,7.8,9.3,9.1,7.3,4.7,8.8,7.9,9.2,5.6,6.9,10.7,6.1,8.7,9.8,11.0,9.2,10.3,11.2,12.9,7.6,15.5,7.9,11.9,12.4,14.8,10.3,13.7,16.0,6.6,10.5,17.0,8.7,5.9,10.8,12.3,4.4,8.3,7.6,7.1,16.9,13.8,14.6,13.4,8.4,7.3,4.9,5.4,9.2,4.8,12.0,9.1,9.1,4.3,8.0,11.1,12.6,10.0,9.6,7.4,9.9,6.3,3.1,1.9,2.6,4.0,4.4,3.1,-2.2,0.6,3.7,1.3,5.0,9.3,4.9,0.8,6.7,1.5,5.4,6.4,2.4,4.5,8.8,1.2,9.0,4.3,7.0,7.1,4.3,6.5,8.2,4.9,6.8,7.1,4.8,6.0,8.3,1.3,12.7,6.9,3.6,5.6,5.6,10.6,11.3,21.2,2.7,13.0,4.2,8.9,-2.0,-2.4,0.3,-2.0,3.8,-1.5,1.1,2.2,1.7,6.1,4.5,4.1,8.6,5.3,3.1,0.1,6.4,6.5,10.9,10.8,5.8,2.3,6.2,7.3,3.7,3.2,5.5,5.3,8.7,-4.1,-1.4,-8.7,6.1,1.0,2.8,5.4,8.3,6.4,3.4,4.9,9.8,-1.1,2.4,7.2,5.8,-1.9,15.5,-12.1,4.0,2.4,3.6,5.6,5.7,8.6,8.1,7.7,5.6,3.1,5.0,1.4,4.7,6.0,1.7,5.1,5.3,6.1,4.6,7.6,3.7,4.3,2.7,7.7,0.7,0.7,1.9,4.9,76.3
Michigan,7.8,12.6,0.7,-7.3,-4.0,0.0,0.0,41.2,9.1,18.3,17.4,9.5,14.2,4.6,6.2,5.6,4.1,9.5,18.5,33.1,7.0,0.2,-2.9,-11.8,0.5,0.2,9.9,22.2,10.9,9.2,9.7,-7.3,7.1,6.7,10.6,-5.3,3.7,4.0,-0.9,-12.7,-4.7,17.8,-2.8,6.7,15.6,1.5,-0.6,15.3,-1.2,0.6,-4.3,-6.3,10.1,3.4,10.1,5.3,9.1,5.8,8.2,4.3,4.5,8.9,14.6,9.0,9.9,10.1,2.3,19.2,12.0,5.5,16.9,9.3,4.5,7.6,7.1,-2.0,4.8,13.1,-3.1,23.9,8.7,9.1,13.3,6.0,7.1,10.5,7.7,-7.9,14.3,3.2,-5.7,20.7,12.7,4.9,12.5,11.9,10.2,10.0,18.6,12.3,9.4,6.5,11.0,0.3,6.9,18.0,1.4,-2.1,10.7,16.4,14.1,10.8,8.9,8.5,14.6,10.7,14.9,15.8,10.1,9.3,10.1,13.3,12.9,12.1,3.8,6.2,6.7,10.7,-1.9,11.4,17.8,-0.5,8.1,7.2,3.6,-3.6,9.1,4.1,3.5,3.4,9.7,9.9,13.2,9.1,11.3,9.6,7.8,11.7,2.8,7.1,13.1,2.7,9.7,1.3,4.0,4.6,2.7,2.2,7.4,9.6,6.1,6.8,8.8,15.2,0.8,5.1,5.3,4.2,6.5,5.8,-1.2,-3.1,5.8,4.9,8.1,1.9,11.9,1.4,10.8,-2.3,12.0,3.8,6.4,11.3,4.7,6.9,10.0,6.2,1.4,4.5,6.4,1.8,10.1,5.3,5.6,4.2,4.4,5.9,5.0,9.8,4.5,1.4,9.3,2.5,5.7,4.8,11.0,10.6,3.8,2.8,-1.4,8.3,-2.3,-2.2,0.8,-5.0,7.2,-0.3,2.1,2.4,0.9,2.9,7.6,-2.5,4.3,4.4,4.5,-1.6,3.8,-0.2,4.2,2.9,2.9,1.1,0.7,8.2,1.5,1.0,-0.9,4.9,12.8,-9.9,-2.9,-19.0,7.2,-2.7,2.8,0.6,10.9,6.3,3.3,11.4,1.6,4.6,5.1,5.5,2.4,0.0,13.8,-10.2,3.6,2.1,2.1,5.8,7.5,5.3,5.3,8.4,4.1,3.8,3.8,1.7,2.6,1.9,4.3,3.7,2.0,2.7,5.5,6.2,2.2,4.1,2.3,4.0,2.5,2.4,3.3,0.5,54.1
Minnesota,19.1,12.2,-12.5,-17.7,-2.9,-5.3,1.1,38.3,0.1,15.9,13.6,7.9,18.0,3.5,8.2,-4.4,3.8,11.8,2.9,8.2,6.7,-0.5,2.2,9.9,-2.7,0.8,5.9,7.5,9.8,7.1,5.5,-2.1,7.2,6.9,10.0,8.6,3.1,2.7,-0.6,12.8,5.2,6.8,4.7,0.4,6.4,0.8,7.6,7.8,7.5,6.9,2.1,4.7,4.9,7.3,6.6,4.6,4.9,3.2,7.6,5.9,6.1,7.1,6.6,-1.1,3.6,4.2,10.2,12.4,14.8,11.9,7.5,9.5,3.3,9.0,8.4,7.8,5.1,11.7,4.0,12.1,11.2,14.7,10.0,11.7,10.0,11.4,10.0,12.2,5.9,8.4,1.9,7.5,10.2,7.1,5.2,9.0,4.4,10.3,31.4,9.6,21.8,18.2,20.6,-1.6,0.1,6.9,3.8,9.5,9.0,15.1,10.3,2.0,4.7,13.4,12.4,19.9,8.2,6.5,17.1,14.8,9.4,9.5,17.3,7.6,10.4,12.1,13.5,10.8,0.8,22.1,15.7,7.3,5.7,16.6,4.8,5.4,6.1,5.9,10.4,-3.1,9.2,6.0,12.9,22.8,10.9,10.7,12.4,0.6,4.9,4.2,5.9,6.9,5.1,7.6,3.0,12.5,2.2,6.8,8.0,3.3,5.0,6.7,7.2,18.9,5.1,5.4,7.9,6.4,9.1,4.0,-0.6,0.9,5.9,4.5,4.9,13.1,5.9,7.0,7.0,-4.2,5.3,2.4,6.3,9.8,8.8,7.1,6.3,5.2,5.0,4.1,6.6,13.3,8.9,4.5,4.1,4.0,7.0,7.5,7.5,15.7,6.4,5.1,6.5,3.2,4.9,4.0,11.3,10.9,7.6,7.9,5.1,6.7,1.4,-2.9,3.5,2.2,3.0,3.0,5.1,4.2,6.3,6.1,2.0,10.2,4.6,4.1,12.8,-7.2,4.2,7.5,3.2,7.9,5.1,1.5,5.3,10.1,8.1,0.3,5.0,8.7,6.7,-1.5,-7.8,-12.2,0.9,-1.8,5.4,1.5,8.8,7.7,10.7,8.8,5.3,3.2,1.6,13.5,5.6,-0.4,13.8,-11.8,3.2,4.7,1.8,6.6,8.6,7.4,4.3,6.6,1.3,3.6,3.0,-0.6,1.7,5.7,3.3,8.3,1.3,1.6,7.1,6.6,5.8,4.0,4.9,2.0,1.1,4.3,2.5,3.5,35.5
Mississippi,86.8,-3.5,-25.4,22.5,-50.3,-12.6,8.7,59.6,19.7,19.8,17.2,-1.1,13.0,12.0,2.1,-5.5,14.2,48.1,-38.3,56.2,-21.3,-14.1,0.1,4.0,-10.3,13.6,0.8,23.2,24.9,7.4,11.0,2.6,-16.9,5.8,-2.5,-3.4,17.9,0.9,-3.7,14.9,13.7,3.2,22.9,7.8,7.6,13.7,4.9,-13.6,7.9,0.1,10.8,14.8,4.7,0.1,23.7,-5.0,-1.3,13.2,2.1,16.0,10.6,12.9,7.3,-2.6,-0.7,5.1,2.8,12.7,6.0,20.3,11.2,3.8,8.0,6.4,14.3,11.6,4.3,1.2,7.5,13.4,15.1,7.0,9.6,19.6,6.2,7.2,8.6,6.5,18.6,10.1,7.4,13.7,10.0,10.9,7.1,20.9,11.0,15.8,23.1,11.3,12.2,10.5,16.8,3.9,9.7,15.3,1.6,4.5,10.8,12.6,16.1,19.9,7.0,10.1,13.4,10.3,10.2,13.0,16.0,3.9,16.9,13.1,6.8,21.0,8.1,14.6,9.5,3.3,0.9,23.7,14.7,11.2,9.8,14.9,4.1,5.1,3.0,1.6,6.2,1.9,5.8,6.5,10.9,15.2,8.1,3.7,5.1,4.3,4.8,7.6,6.6,0.5,2.8,4.2,1.7,9.7,4.2,8.3,8.3,3.6,8.7,10.2,5.5,14.2,5.2,3.2,5.6,5.6,6.4,5.0,3.5,4.7,6.6,5.2,10.1,10.0,7.6,4.7,3.6,10.5,4.5,7.1,6.9,12.7,7.2,6.9,6.2,6.5,3.5,5.4,6.0,7.7,9.5,2.0,2.8,10.0,3.5,5.0,8.8,6.8,5.3,4.6,5.0,-0.3,2.5,5.8,6.8,6.2,6.2,2.8,2.5,12.9,5.8,-2.5,5.6,-2.5,4.8,2.1,3.0,7.0,1.2,4.8,5.6,6.3,6.9,6.8,5.3,4.6,5.6,14.5,5.7,-0.1,2.8,3.0,3.8,8.7,13.0,4.1,0.3,3.4,23.8,-12.7,-1.8,-3.9,2.7,-4.2,0.9,6.9,9.8,4.2,1.8,9.7,-0.7,4.2,2.8,8.3,3.8,-3.3,6.7,-0.9,1.6,8.0,-4.3,2.3,5.6,0.8,2.6,0.1,3.3,2.1,0.2,1.9,0.2,0.8,3.1,4.5,0.0,3.3,3.4,3.5,4.6,2.2,4.3,1.7,0.7,4.6,2.5,4.8,40.2
Missouri,11.5,11.0,1.5,-14.1,-4.1,-1.1,1.9,29.7,5.4,12.8,12.9,18.1,8.6,1.6,5.6,3.2,6.0,11.0,10.0,6.9,4.8,-0.6,0.2,-1.2,0.0,3.0,7.1,5.8,13.2,8.3,7.0,0.5,6.7,5.3,5.6,-3.0,4.7,6.5,-2.0,12.9,6.9,5.7,9.1,3.0,8.8,1.8,8.1,-2.2,4.4,4.7,-0.9,4.8,2.0,5.3,7.4,4.5,8.6,2.0,3.6,5.8,4.7,5.4,7.2,4.9,4.7,6.9,5.2,10.8,9.7,10.8,11.5,4.0,4.3,6.5,7.9,8.3,2.8,7.5,5.8,15.4,14.8,10.1,10.7,-4.0,5.8,12.3,7.1,13.2,6.7,9.8,4.5,10.4,10.6,3.9,5.8,10.4,10.2,6.5,19.5,10.0,9.0,9.4,11.3,3.6,1.9,11.0,9.3,8.0,10.2,13.7,9.9,9.6,4.9,10.8,12.1,9.4,10.3,13.2,15.0,7.3,12.8,10.7,11.0,14.9,8.2,12.7,7.7,7.3,-0.9,19.5,15.7,12.4,5.5,17.1,4.5,2.2,10.0,5.1,10.2,2.1,6.7,8.2,11.7,15.8,10.1,9.2,6.1,6.6,6.0,6.5,8.1,3.4,4.4,4.8,5.0,7.0,3.8,4.7,8.2,3.8,8.4,6.7,7.5,12.1,3.4,4.6,3.9,3.3,7.3,4.5,2.0,3.6,4.8,6.1,7.5,8.1,6.1,4.3,4.5,3.2,5.7,4.0,7.5,4.9,8.2,5.3,7.5,5.0,5.1,4.0,2.8,8.9,7.6,4.2,6.8,8.3,2.9,5.8,7.1,3.8,5.2,5.5,3.7,2.9,3.1,4.0,9.5,9.3,7.3,5.7,0.4,6.3,1.8,-1.3,3.7,2.3,2.5,2.2,5.0,4.1,3.1,3.9,3.7,7.9,4.5,5.5,6.3,-2.3,6.7,3.8,7.8,8.3,6.4,1.3,3.8,6.2,7.3,2.5,5.3,5.7,16.4,-9.1,7.1,-12.3,3.5,-1.4,0.5,3.3,4.8,3.2,2.0,8.4,2.3,4.9,3.1,8.6,5.0,-2.0,13.1,-8.4,1.8,1.3,1.4,4.1,7.1,5.7,4.2,2.1,2.7,3.7,2.1,4.8,1.4,2.0,3.5,1.9,2.7,2.8,5.0,3.6,7.1,1.8,4.0,5.1,1.1,4.0,2.5,4.0,31.4
Montana,11.4,28.9,4.7,-41.5,-8.8,19.6,-3.9,64.8,12.0,20.9,35.3,-4.9,13.7,-7.6,10.1,-5.6,-1.8,23.7,-5.3,-11.2,18.2,-1.7,1.6,5.1,-15.8,2.0,-0.6,32.6,12.2,1.8,3.7,10.4,1.9,-0.5,10.1,0.3,8.0,10.3,3.5,4.8,-0.1,1.1,8.6,-11.4,-0.2,0.0,-3.2,6.4,19.0,2.6,-6.1,-4.3,-4.6,15.2,3.3,32.0,29.3,6.9,15.8,-10.2,-14.3,-3.2,5.1,2.2,3.7,8.9,4.3,10.6,3.1,12.2,9.5,6.3,5.4,11.1,-3.2,3.4,-0.3,-2.4,7.7,8.2,5.4,2.7,6.9,18.4,9.5,15.9,3.5,13.0,15.9,12.2,-1.0,5.2,8.6,7.4,15.3,14.4,22.5,16.2,27.5,-5.1,44.2,-2.7,34.9,-2.3,-5.9,18.4,8.5,5.4,12.6,19.3,8.6,2.8,4.6,3.8,10.1,3.8,9.5,17.2,10.2,29.7,15.6,6.8,25.2,4.6,-13.9,10.8,32.0,12.9,-13.0,10.3,46.6,6.6,7.8,20.0,0.5,-13.2,14.5,0.9,64.9,-21.5,2.6,-1.1,8.9,4.2,9.4,8.1,4.8,-3.5,-4.3,4.6,2.8,8.6,3.8,2.4,0.3,4.2,3.0,0.0,7.9,-6.3,6.7,8.6,8.1,21.7,7.0,2.0,6.5,5.6,5.2,5.6,2.3,11.4,3.8,8.0,10.2,4.5,7.0,4.5,1.3,23.9,6.1,-4.2,12.6,-6.6,7.1,5.8,6.3,5.0,4.0,5.6,4.7,3.0,6.1,6.1,5.1,1.2,3.2,7.0,6.6,12.0,3.4,5.9,4.6,-1.8,0.7,-1.3,13.9,5.6,8.7,3.9,10.1,2.0,3.2,0.6,3.3,0.6,4.0,5.0,6.2,10.1,8.3,5.4,7.3,14.1,7.4,2.3,9.6,10.7,6.3,6.3,11.0,12.5,6.4,5.9,5.2,13.9,7.5,3.1,4.9,9.1,12.5,-5.9,-4.3,-4.5,-0.3,-0.7,0.8,13.3,6.4,4.8,6.7,12.9,3.4,5.0,6.2,12.5,2.6,-0.4,13.1,-10.1,3.3,1.3,1.5,8.2,8.9,4.4,4.3,10.4,1.8,2.8,-2.1,1.3,2.5,4.5,8.0,7.9,7.1,2.6,4.6,7.9,4.9,2.4,5.4,3.8,2.4,6.1,4.1,2.2,51.6
Nebraska,30.4,-0.2,0.0,-35.3,-4.3,-5.7,17.1,45.7,12.5,31.7,-0.6,14.0,-8.8,-9.6,0.7,6.8,26.7,30.2,-9.8,-20.2,-0.5,-13.1,0.3,36.4,-0.2,6.3,-0.7,-11.4,-3.2,-2.0,0.0,-7.3,9.8,20.5,22.4,4.6,21.9,25.5,7.0,-11.8,11.7,1.3,5.3,-2.8,-1.3,-2.3,10.4,1.0,19.7,8.2,2.0,-0.7,-7.8,6.9,12.8,12.2,12.5,4.3,2.2,3.2,0.7,0.4,2.3,-0.6,4.5,7.7,10.6,10.8,12.3,9.6,9.3,12.5,-3.6,10.4,1.7,4.3,1.1,5.6,3.1,10.7,6.7,7.6,8.1,14.8,15.7,12.4,10.2,4.9,2.9,10.3,6.4,12.6,13.6,7.9,8.0,9.5,7.2,15.6,28.4,7.1,19.7,13.8,31.5,-16.9,-7.9,14.3,13.1,23.4,14.5,16.5,-1.0,5.1,0.3,1.5,8.2,12.0,4.6,10.4,24.8,14.8,21.2,2.3,28.1,-10.7,14.6,11.8,7.7,2.2,-4.2,15.1,23.2,27.6,4.5,21.4,3.9,0.2,18.6,-2.6,15.3,-6.2,4.7,1.5,8.7,19.9,13.3,11.3,8.2,9.6,-2.5,-3.2,4.1,1.7,6.6,7.3,3.2,2.7,5.4,4.8,7.2,9.5,4.9,11.8,-1.6,12.1,5.3,2.7,6.4,13.0,7.4,3.1,4.0,-0.3,6.6,4.4,5.8,7.8,8.8,3.0,4.2,-1.4,8.6,0.0,7.2,11.6,3.5,5.6,6.1,5.6,4.1,7.0,8.7,19.5,9.3,-5.4,8.1,2.0,-0.2,6.8,5.9,8.0,9.2,6.6,4.5,-0.8,6.5,5.2,13.7,1.9,6.1,5.4,1.3,9.5,4.0,-1.6,4.7,-4.3,4.3,4.7,5.9,11.1,5.0,2.7,3.3,6.7,4.8,2.4,7.3,-0.6,6.3,3.2,5.8,4.9,7.1,-2.1,7.6,14.7,7.6,4.5,8.4,7.7,13.9,-7.2,-7.8,-1.2,0.2,0.1,6.2,4.4,10.8,4.4,5.5,34.6,3.7,4.2,4.2,2.8,5.1,-6.0,13.2,-4.1,0.4,0.2,-3.2,15.7,11.6,0.9,7.1,5.1,3.3,3.2,-2.1,-6.5,-0.7,0.4,1.8,1.2,6.1,3.0,7.8,4.0,3.8,3.2,10.9,-1.2,0.4,8.1,2.9,4.6,23.8
Nevada,9.9,12.2,-12.3,15.4,-5.0,6.3,13.0,44.5,-0.8,15.0,13.4,21.8,23.3,3.1,10.3,53.2,0.2,9.6,5.1,32.1,4.4,-0.7,1.9,26.1,2.3,4.1,5.2,52.7,8.9,8.7,4.8,-2.6,6.4,6.9,11.4,6.6,7.4,5.7,3.6,-4.1,11.2,18.3,11.7,1.4,13.3,5.8,13.1,9.0,6.9,12.4,7.8,6.5,11.8,11.3,35.4,24.0,13.4,12.4,14.9,14.7,10.2,6.4,10.5,9.0,5.3,13.0,4.5,9.8,5.3,5.7,2.6,11.7,4.1,0.2,5.2,2.4,8.2,18.3,9.4,21.5,15.3,19.6,16.9,1.4,18.7,16.2,14.7,12.4,9.6,5.1,15.6,11.6,13.2,11.1,12.7,-3.8,22.4,20.4,27.4,-2.0,14.7,14.3,16.3,6.2,10.9,7.7,11.1,15.5,15.9,11.7,13.5,14.0,14.5,13.6,14.3,14.8,16.0,17.6,22.3,21.4,22.4,23.7,15.5,13.9,12.5,16.7,14.1,22.5,6.2,18.1,19.2,12.8,11.5,15.5,5.0,5.9,4.3,6.1,4.4,5.7,9.3,5.4,13.2,7.4,9.9,8.7,7.3,12.0,4.9,7.9,7.5,9.5,8.7,6.9,7.7,8.9,9.5,12.2,14.2,10.6,19.4,14.2,11.6,12.8,11.1,10.3,15.3,15.9,9.6,10.4,3.4,16.8,9.3,7.8,8.2,17.5,9.8,8.2,8.3,14.0,1.8,5.9,7.7,19.5,10.6,7.5,11.2,12.5,7.2,11.1,7.6,13.9,11.8,10.2,8.3,12.4,6.9,6.3,9.6,20.1,10.2,10.7,8.7,9.3,4.2,4.6,11.7,15.5,10.9,5.7,3.0,10.1,6.9,-0.1,-3.2,5.1,4.1,2.5,7.5,4.4,7.0,12.3,10.8,9.4,12.3,11.7,16.9,12.9,16.4,1.6,9.1,15.0,6.7,0.8,6.7,4.1,4.3,1.5,6.3,-9.5,3.5,-7.0,-8.4,-13.0,0.5,-3.0,2.6,6.1,8.3,4.2,2.5,7.1,3.1,0.4,1.0,9.7,3.5,-2.6,15.8,-13.7,2.7,3.7,5.3,9.0,9.4,7.9,10.0,12.8,7.3,2.9,5.5,-0.2,5.0,13.1,-2.5,13.2,6.5,7.5,2.8,13.6,3.5,6.0,6.0,3.0,3.3,3.0,4.5,5.7,56.9
New Hampshire,5.5,11.8,4.4,-6.1,-0.3,1.9,3.0,5.8,3.3,15.1,16.0,9.5,15.2,6.8,5.6,0.1,4.9,9.8,16.8,4.0,8.6,1.6,-0.4,12.6,-0.2,2.0,10.4,6.1,11.4,10.6,7.7,1.4,5.5,5.6,9.2,10.9,5.2,4.5,0.1,-6.4,1.9,13.7,10.7,5.3,11.4,9.8,6.3,3.8,5.1,3.7,2.2,6.8,6.2,8.0,3.9,10.7,8.5,3.3,2.5,4.3,4.5,4.0,8.6,9.1,8.3,7.3,6.3,4.6,10.2,14.8,5.1,10.6,8.5,9.4,12.1,11.0,5.6,8.4,7.6,15.2,9.5,10.8,11.6,16.4,10.0,8.8,8.1,3.6,9.1,3.6,6.0,8.0,14.6,12.3,3.0,22.1,1.4,10.4,13.3,17.9,12.1,10.8,12.0,10.9,8.6,7.8,6.9,4.2,12.2,14.4,12.3,13.8,11.5,18.4,7.3,13.5,13.4,14.1,17.5,17.4,13.9,14.8,11.6,21.6,10.4,12.6,10.8,21.2,9.8,13.3,22.1,7.6,10.1,20.3,12.0,3.0,10.4,15.7,3.5,9.7,9.6,10.8,15.6,18.4,8.2,11.6,11.3,13.2,5.8,8.1,12.2,9.3,15.2,8.1,10.7,6.7,11.9,13.3,16.9,5.7,8.4,7.5,11.6,10.1,3.9,1.7,1.8,-2.7,3.1,1.7,-3.1,7.3,5.5,2.8,7.3,5.8,4.8,1.0,6.8,-1.1,4.7,7.3,1.9,10.3,8.0,3.8,10.5,2.8,11.0,1.7,4.3,7.7,6.8,5.2,6.5,9.4,7.7,7.4,8.4,13.4,9.9,9.6,6.6,3.3,5.8,7.8,11.7,29.1,3.6,7.8,8.7,10.7,-1.0,-0.8,3.5,1.7,5.3,-1.4,2.8,-0.9,2.5,5.7,8.2,2.9,9.1,7.6,4.1,-2.2,6.3,4.2,6.8,11.3,3.5,4.5,13.1,-2.3,7.2,-2.7,1.9,6.9,7.3,-6.2,-1.6,-10.2,5.6,3.6,1.9,1.5,11.6,3.7,2.3,5.8,7.3,2.5,2.2,6.8,3.9,0.1,15.3,-15.6,3.4,1.5,3.2,3.3,8.8,2.2,9.3,-3.8,7.7,2.2,9.2,0.0,5.6,4.5,0.8,6.2,3.5,8.6,2.3,8.4,2.5,5.2,1.0,10.7,-0.3,1.1,1.7,7.1,21.3
New Jersey,5.9,12.7,2.9,-5.7,-2.2,0.5,1.9,22.5,8.6,18.7,17.1,18.1,14.5,5.7,6.3,9.8,4.9,9.4,17.8,6.7,7.3,0.3,-0.5,2.0,0.5,1.8,9.7,1.8,9.7,9.7,9.3,8.9,7.2,6.5,9.9,8.8,4.1,4.0,0.1,-15.5,3.6,9.4,8.9,5.7,8.8,8.7,4.6,6.5,5.4,2.2,0.0,7.9,7.1,5.1,8.8,9.4,8.6,5.0,5.0,3.5,5.2,5.0,5.9,9.7,7.3,7.9,5.9,6.3,7.1,13.1,5.5,9.9,6.9,6.4,10.1,7.7,7.0,6.7,8.2,11.6,11.5,10.0,10.3,17.4,11.6,9.1,11.2,2.9,14.1,8.1,5.1,8.1,8.8,8.8,4.8,7.5,10.0,11.1,16.0,5.6,6.2,6.0,10.2,7.4,12.3,7.0,8.7,4.6,9.1,10.0,10.7,6.9,6.7,11.2,6.6,10.1,10.1,10.0,10.8,10.7,12.9,10.7,10.1,12.5,8.4,12.0,11.9,15.3,9.9,12.0,17.3,8.9,10.4,15.3,5.9,7.2,6.8,8.5,4.9,9.6,5.5,10.0,13.9,9.0,13.6,9.6,8.4,4.1,7.3,5.5,8.1,7.1,6.7,8.1,5.5,8.4,6.7,9.2,13.9,13.1,6.7,6.7,5.8,13.9,4.5,4.0,3.5,7.0,6.7,4.7,-0.2,-2.5,4.6,4.6,3.9,15.8,5.3,4.9,6.5,-2.1,5.7,3.4,4.6,-2.0,8.0,4.5,6.2,9.2,5.0,4.2,3.4,8.6,7.6,3.7,5.4,9.8,4.1,6.8,8.5,6.1,7.3,6.6,2.4,5.9,2.3,5.4,7.6,19.1,10.3,5.1,8.5,-0.3,3.2,-1.8,5.3,0.2,2.5,-0.7,2.1,0.9,5.6,4.5,4.3,2.0,6.8,7.0,5.9,-2.9,5.4,5.7,8.0,11.6,6.7,1.9,6.9,11.9,3.8,0.4,3.4,6.6,4.8,-2.9,-2.0,-15.1,6.3,0.9,2.9,3.2,4.0,2.5,2.2,10.7,3.2,3.7,1.6,7.2,1.6,0.3,10.4,-7.8,3.2,1.1,4.4,7.4,4.5,4.9,4.5,6.1,2.7,3.6,0.9,5.2,0.8,3.1,3.2,2.6,5.3,4.8,5.1,3.6,4.4,5.2,2.6,6.0,2.6,2.3,2.5,5.4,63.0
New Mexico,5.5,17.1,6.9,12.3,12.6,4.3,0.4,47.6,3.0,-2.8,23.7,19.2,23.1,25.4,3.2,18.1,1.4,0.3,0.5,19.8,-0.6,-0.2,2.9,2.5,1.7,4.2,6.3,17.2,8.5,4.3,5.2,14.5,5.6,5.1,10.0,26.2,8.8,12.6,-1.7,17.8,16.0,7.9,13.5,7.1,3.7,0.9,8.0,-0.2,3.9,0.2,5.4,5.7,5.9,6.0,1.3,7.7,1.9,1.2,2.4,3.3,1.8,7.2,10.4,2.4,7.4,4.4,4.2,4.7,7.0,13.1,3.4,2.9,5.9,1.5,7.0,0.2,4.6,3.2,3.4,11.1,12.0,10.6,10.4,15.2,8.2,7.5,9.4,15.6,13.7,9.1,8.3,10.7,15.6,6.6,11.0,13.1,10.7,14.8,22.6,3.3,11.6,13.6,14.3,10.3,12.2,15.0,9.3,18.2,14.4,14.6,12.8,9.6,9.7,11.5,11.9,10.4,12.8,12.5,17.3,12.4,16.4,16.9,9.4,15.0,10.0,12.5,11.9,13.7,7.9,16.9,13.2,9.3,12.2,20.7,12.6,5.6,7.0,5.3,10.5,5.0,9.3,8.3,8.0,8.8,11.3,11.1,5.7,12.7,4.7,5.5,5.9,5.0,1.0,2.6,1.8,4.9,5.3,6.3,8.3,3.7,6.2,4.0,6.6,12.3,6.7,2.7,6.0,9.8,5.1,8.1,5.3,9.4,6.5,4.4,9.5,8.5,10.6,4.8,1.0,18.2,3.7,3.4,10.1,5.4,6.0,9.1,9.4,9.3,4.5,6.5,3.9,5.8,6.4,2.9,3.7,9.7,2.4,4.7,4.0,8.9,3.2,3.5,5.3,-2.5,3.5,2.3,7.9,11.8,9.7,4.6,7.2,10.7,6.3,3.5,4.2,2.1,6.4,2.6,4.2,3.6,5.2,5.2,6.8,6.3,5.2,5.5,11.9,1.9,11.8,5.0,5.9,13.0,4.8,3.7,5.5,7.6,6.0,5.6,4.7,7.4,20.0,-9.0,-1.2,-4.3,1.3,0.7,2.9,3.2,6.7,6.1,5.5,6.8,2.9,4.1,3.0,2.0,4.2,-4.0,6.1,-10.9,1.4,0.3,2.6,9.9,8.1,6.8,6.9,-1.6,3.0,0.6,2.6,1.2,4.1,0.8,0.9,1.9,1.4,3.1,3.9,8.2,4.2,5.2,3.4,5.5,3.0,4.1,2.7,4.8,40.2
New York,5.5,11.5,2.7,-8.5,-0.8,1.0,3.3,11.2,5.3,15.6,14.5,-0.1,12.6,5.8,6.9,-3.7,5.5,9.6,14.4,2.5,8.0,0.9,0.7,5.4,0.9,3.6,9.8,2.0,9.7,10.5,8.9,-0.1,7.0,6.5,9.9,5.8,5.4,4.9,1.0,1.9,5.4,7.9,7.2,3.0,8.6,5.1,5.5,6.3,1.5,2.5,2.0,4.6,7.0,5.8,8.5,3.7,5.9,4.6,2.7,4.0,4.7,4.9,7.3,8.7,6.8,7.1,3.6,6.1,5.4,10.8,6.1,7.6,7.0,6.9,7.8,9.5,6.1,8.5,8.9,10.9,12.9,11.7,10.3,-8.5,7.8,6.9,6.1,8.7,10.8,5.8,1.7,11.5,7.1,4.8,7.2,1.9,10.0,10.9,14.4,1.7,3.5,3.6,8.0,5.9,12.3,10.0,8.9,5.2,9.6,6.6,5.4,5.6,2.8,10.7,4.3,8.8,8.6,9.3,9.8,7.1,10.2,8.3,10.1,7.6,8.3,13.3,10.2,11.0,10.9,12.7,16.0,8.8,9.6,15.7,7.1,6.9,7.6,9.4,8.4,4.2,9.2,8.0,12.9,9.2,12.7,11.5,8.2,5.8,4.3,5.6,6.4,10.0,5.1,6.9,5.2,7.1,6.6,6.5,9.9,20.4,0.1,6.8,13.8,5.8,11.4,7.6,3.0,14.0,5.7,4.2,-2.2,-6.9,5.8,1.9,1.5,9.7,4.7,7.1,10.9,-11.7,10.2,4.8,6.4,-8.0,11.8,1.0,9.9,5.0,3.5,5.3,2.4,8.3,6.6,2.1,6.5,5.6,4.2,7.7,8.8,2.0,10.2,3.0,2.3,13.9,-0.2,7.5,2.8,15.0,6.8,5.8,8.9,5.9,-4.0,6.9,-8.8,0.7,5.4,-2.2,0.9,-3.6,7.2,3.7,5.4,-0.8,7.7,7.6,8.0,-3.7,5.2,5.0,10.9,10.7,6.2,3.3,10.1,21.2,-2.9,3.3,3.3,6.7,2.4,-3.3,-6.0,-9.9,12.2,-0.2,3.4,4.1,9.5,-0.6,1.1,21.2,-1.4,2.0,0.8,11.8,6.5,-1.5,17.4,-12.9,5.4,2.4,3.0,4.8,3.9,6.7,5.2,2.6,6.3,4.5,-0.6,7.5,1.0,2.3,6.3,12.9,5.2,5.2,9.9,-0.5,4.1,4.3,1.1,7.4,4.3,1.8,2.8,3.5,21.8
North Carolina,22.7,0.2,3.5,-8.5,-4.0,3.2,-6.5,55.5,7.6,29.7,9.0,1.4,25.9,8.1,15.4,-10.7,-1.3,0.6,15.9,4.1,3.1,2.2,-9.7,15.3,-1.3,-0.1,6.7,13.3,12.5,12.7,1.7,5.5,7.9,3.3,11.2,-6.2,-1.8,0.7,-5.4,23.4,-1.1,8.7,5.1,10.4,9.0,4.7,4.8,0.7,13.5,5.8,2.4,2.1,5.9,17.5,2.2,7.4,8.4,6.2,5.5,4.1,3.2,4.7,10.8,10.3,8.5,4.1,14.1,8.5,1.5,13.2,8.1,14.3,11.9,11.6,9.8,7.5,3.4,6.3,13.4,9.0,13.9,11.0,9.1,16.1,13.7,11.3,4.8,13.9,7.6,7.2,5.6,8.4,12.8,13.1,5.3,22.6,8.2,10.8,20.1,10.5,14.5,10.0,19.6,7.5,5.9,10.7,4.2,0.8,18.2,12.8,16.2,7.8,7.0,13.8,6.1,6.2,12.5,11.7,15.1,12.0,13.4,12.4,12.0,9.8,6.7,10.4,14.0,11.1,9.3,17.0,18.3,9.2,9.2,19.2,4.4,2.7,9.0,7.8,1.5,10.9,9.2,13.8,13.2,15.9,14.1,9.8,8.8,6.3,6.3,8.1,9.5,7.3,6.9,9.2,6.1,7.0,8.0,9.3,11.5,7.1,10.7,11.0,8.1,11.3,9.3,3.4,8.8,8.6,6.1,3.5,-1.6,2.8,9.2,9.0,9.6,9.2,10.3,6.8,4.6,6.7,7.9,4.3,9.3,4.1,7.4,5.5,9.2,8.2,6.0,5.4,8.3,4.6,12.4,4.1,7.7,10.5,3.3,7.4,9.8,5.4,6.9,8.0,7.1,2.3,2.9,6.2,6.4,7.8,8.6,5.8,2.8,2.8,3.2,-3.4,3.5,0.1,4.6,0.7,1.8,5.2,3.3,7.3,8.4,9.0,9.4,8.3,8.8,8.6,5.0,4.8,7.7,19.7,4.1,4.8,7.0,18.8,3.2,1.0,4.3,16.8,12.0,-6.8,0.6,-21.7,11.2,3.2,2.6,-6.8,5.0,0.9,3.2,7.8,2.7,2.4,2.9,18.4,5.6,0.4,8.1,-12.7,0.5,1.6,3.6,10.7,6.4,6.3,5.1,7.7,3.6,4.5,2.7,4.5,2.0,3.8,5.4,6.2,4.4,4.2,5.8,5.6,5.9,3.9,5.5,5.3,3.4,2.6,3.7,6.2,21.5
North Dakota,71.4,-20.1,-12.9,-36.3,7.5,-8.4,-16.9,88.9,-16.4,43.4,49.8,-19.3,-14.7,3.8,19.3,-38.5,14.1,-2.1,-19.3,21.8,6.7,-15.1,19.6,1.6,-6.7,8.2,17.7,0.9,25.7,22.5,-11.7,4.0,3.0,2.7,12.5,-16.1,25.4,0.8,0.8,64.1,2.4,-5.1,3.2,-18.1,-13.3,-1.8,4.4,23.9,18.1,23.1,0.6,-43.1,-25.8,52.7,33.8,77.9,43.2,11.8,44.6,-24.9,-34.1,-15.3,-7.9,5.4,9.5,14.0,20.9,20.5,19.1,4.9,15.9,1.1,-16.2,1.3,-5.8,4.8,6.2,1.6,-4.7,11.2,-1.5,12.2,17.9,1.6,28.1,13.8,2.4,4.1,-10.2,17.6,15.5,16.4,23.8,9.0,22.5,6.6,-17.7,112.7,67.0,-2.5,79.7,5.9,109.6,-25.0,-36.1,-32.0,30.9,1.5,24.8,28.7,-6.7,-13.8,-4.2,-7.1,6.2,-15.0,5.5,17.2,105.9,7.3,5.5,3.0,91.7,-42.7,0.1,17.9,34.8,-34.4,-7.3,-16.0,40.6,99.7,10.9,30.9,9.0,-15.8,9.5,5.2,85.8,-29.8,4.4,-0.4,8.2,19.5,2.5,7.3,3.3,5.3,-0.4,0.4,6.4,-8.1,8.0,7.4,0.9,0.1,5.6,1.8,2.3,-25.7,-14.5,22.0,-10.6,53.5,3.3,2.3,5.5,22.2,4.2,4.2,0.8,-3.2,2.1,4.2,4.2,26.1,5.8,6.7,2.0,-4.9,3.1,2.6,3.1,30.9,-0.9,1.8,6.9,-11.6,6.9,2.1,5.3,32.2,19.6,-6.1,0.4,-17.1,4.4,7.8,7.0,22.2,4.4,4.9,5.8,-10.6,4.6,5.7,13.8,12.4,5.8,8.1,0.3,-0.8,3.3,0.9,-2.0,3.9,0.8,6.1,7.3,15.5,7.4,8.4,5.5,-8.2,6.3,-1.0,10.6,5.1,9.0,4.1,4.7,4.2,6.1,1.2,8.5,25.4,5.3,6.2,15.2,30.8,11.5,-4.9,-6.4,-5.0,4.2,4.9,6.0,21.1,11.5,9.7,12.7,14.9,7.7,13.5,14.2,34.6,15.4,6.9,21.3,-25.9,8.8,6.3,-2.1,12.2,13.6,1.7,4.2,-8.6,-8.1,-2.4,-0.3,-12.0,0.0,4.3,-0.4,2.4,4.2,-2.1,4.2,11.5,6.3,5.7,11.7,-2.6,-3.2,9.8,0.6,3.7,44.5
Ohio,6.7,11.1,-0.4,-19.0,-3.8,-0.5,0.0,27.8,7.4,17.4,16.4,26.5,13.7,3.1,6.9,5.4,5.3,10.3,17.7,15.0,6.9,0.5,-1.8,-2.1,0.1,1.5,9.2,10.5,10.0,8.6,8.6,3.2,6.9,6.0,10.3,3.9,3.9,3.7,-0.9,-9.1,-2.9,8.8,9.6,6.3,15.1,-2.3,5.6,9.3,2.9,-1.5,-2.9,0.0,7.3,6.1,6.6,5.1,6.9,1.9,2.6,3.6,6.8,4.3,5.4,7.5,7.3,8.7,6.3,8.9,6.8,9.2,12.0,8.0,8.9,8.7,8.2,1.1,-2.1,10.2,8.4,14.0,13.4,8.3,9.5,10.2,8.7,9.2,7.2,3.7,4.4,6.5,0.9,7.9,13.7,2.4,6.7,12.3,5.5,7.9,16.8,10.7,9.1,11.5,11.3,6.5,9.0,13.0,7.6,0.9,5.9,10.2,11.4,10.1,8.5,9.2,11.1,5.9,16.3,14.7,10.2,3.3,15.2,11.5,12.1,12.5,4.0,11.4,9.5,10.5,4.6,10.3,16.4,4.6,6.8,13.5,3.0,0.8,5.4,4.1,5.2,1.2,9.2,9.3,12.8,12.6,10.0,8.2,5.0,7.2,4.4,3.6,8.0,4.8,2.4,4.4,4.1,6.4,1.8,7.3,7.8,5.6,8.6,10.6,7.9,12.5,1.1,5.0,5.3,7.7,9.8,3.1,1.2,-1.7,1.4,6.9,7.1,7.7,8.9,2.1,6.5,0.8,6.1,2.7,7.3,4.3,7.2,4.4,8.7,3.0,4.0,3.8,4.6,3.0,7.6,6.0,3.3,8.2,4.4,5.7,7.2,7.1,4.5,3.8,6.3,-0.3,2.8,3.5,8.8,8.2,2.8,4.6,0.2,7.1,1.0,-1.1,1.8,-0.5,4.7,3.0,2.5,2.9,2.1,2.0,7.3,-0.8,6.9,4.6,7.2,-4.9,5.7,3.6,6.3,6.5,4.8,3.2,2.0,11.2,0.9,1.2,1.2,7.6,12.5,-7.9,-4.9,-6.9,1.4,-1.7,2.5,1.6,6.6,6.6,4.3,13.2,3.3,6.0,3.5,3.4,5.7,-0.9,10.7,-6.7,3.6,1.4,2.3,5.6,5.6,5.6,4.6,3.3,3.7,2.8,3.3,-0.4,2.2,1.8,4.3,5.1,2.9,4.2,4.4,4.4,4.1,5.3,3.1,3.3,1.3,2.6,3.0,3.6,37.8
Oklahoma,38.2,-6.9,5.6,1.5,9.2,0.7,-5.4,30.1,-15.6,3.2,15.3,19.5,11.2,18.3,18.8,0.0,10.0,14.7,-6.1,5.2,9.6,-4.4,2.3,0.3,-4.2,3.1,3.7,8.0,6.3,6.0,15.2,0.8,8.2,1.8,8.1,-0.3,5.9,9.8,2.8,9.1,9.4,13.7,-0.6,4.1,3.8,-0.8,11.0,-3.7,18.7,2.2,3.7,2.9,-0.1,4.5,3.3,9.9,1.6,2.3,3.4,4.2,-1.1,7.8,8.0,8.7,8.7,4.8,5.8,8.9,5.7,9.4,7.4,9.5,3.3,4.8,12.6,13.2,4.3,12.1,8.2,8.9,10.2,12.3,8.6,14.4,11.5,11.3,7.5,10.8,13.0,10.0,6.2,10.2,11.8,3.8,9.0,14.5,5.0,10.2,17.0,6.8,19.1,18.9,17.4,3.7,7.1,15.2,8.9,12.6,10.7,16.6,8.6,12.7,3.8,11.3,10.9,2.2,9.6,22.6,41.3,-14.0,23.8,17.7,14.1,18.0,11.6,16.8,16.2,13.3,6.9,29.2,19.2,11.7,13.6,24.1,13.7,15.8,4.6,3.7,3.8,-0.6,3.1,-0.9,10.1,9.5,8.8,7.6,6.3,1.7,1.5,4.0,2.7,3.4,-4.2,-2.9,-1.9,-1.1,2.2,3.4,2.5,3.5,6.2,7.4,4.2,11.2,3.7,3.7,5.3,5.7,6.8,6.5,2.5,-1.7,4.2,4.4,7.4,8.8,7.6,4.0,0.9,8.6,1.0,1.1,5.8,3.3,7.3,3.6,7.9,1.6,4.5,3.3,4.5,8.6,8.1,4.8,3.1,12.0,0.9,3.9,7.5,8.0,5.6,2.4,1.8,-0.3,3.2,4.9,9.7,10.1,9.3,7.5,6.6,9.7,4.2,-1.0,4.8,1.4,2.2,1.8,2.6,8.1,5.3,2.9,5.3,14.6,7.6,5.4,8.0,13.4,8.4,8.2,10.2,27.8,3.8,2.5,2.2,1.1,6.0,7.8,4.0,14.8,25.4,1.3,3.6,-20.5,-14.9,-7.2,0.5,9.6,13.8,9.9,7.1,5.0,9.4,7.8,4.4,12.5,4.8,-1.4,15.1,1.6,6.0,2.7,2.9,12.5,7.2,5.2,0.8,-9.2,-4.3,0.7,-4.1,-14.2,-1.4,0.3,1.8,8.9,7.4,4.2,4.9,5.6,3.9,4.8,4.7,7.1,-0.7,2.5,1.0,2.2,47.1
Oregon,14.5,11.7,3.5,-10.9,-2.1,-0.1,2.9,28.6,4.7,15.4,11.4,17.0,15.3,4.1,8.4,0.5,5.5,12.3,10.1,-7.8,1.6,-0.1,0.6,-7.6,2.1,0.3,10.8,11.8,9.2,7.8,8.4,4.5,9.0,7.8,5.9,-15.3,6.3,5.0,1.3,-5.4,4.4,10.0,12.6,4.3,10.3,7.3,6.1,5.1,-2.5,0.6,-1.2,4.7,12.9,2.2,5.2,4.9,7.9,6.9,10.0,1.6,0.8,8.3,8.9,8.7,7.3,9.7,1.6,18.0,3.4,8.6,7.4,9.6,9.8,1.8,9.6,3.2,7.2,6.4,8.1,9.5,10.8,8.8,9.7,13.7,13.5,9.1,4.1,12.6,8.8,8.9,6.2,11.4,13.4,8.1,11.5,13.0,10.0,12.9,20.5,9.6,10.5,8.5,20.7,10.2,14.7,15.9,9.4,2.7,16.5,17.2,10.0,13.5,10.6,13.3,11.5,8.5,11.3,14.4,21.1,13.3,12.9,12.7,14.5,12.7,12.3,14.1,12.1,11.7,3.2,13.1,14.9,6.2,3.8,10.1,-1.4,1.7,2.3,3.7,5.8,6.6,8.2,5.8,11.2,9.0,8.1,7.8,5.2,5.4,2.5,3.5,5.5,7.1,4.9,5.8,2.9,3.5,5.6,9.3,7.8,8.8,9.6,11.5,7.9,14.7,8.2,5.2,9.0,11.2,8.3,5.0,3.1,4.8,6.3,5.7,7.1,8.0,7.9,6.8,3.0,14.0,4.4,2.9,8.7,7.1,8.2,7.4,9.3,5.9,7.5,8.3,8.9,6.7,9.3,6.9,6.8,5.8,3.6,7.5,6.4,7.3,4.3,3.4,4.8,1.6,4.1,5.4,10.2,10.8,7.1,6.9,0.7,7.0,-0.4,-1.8,-0.4,2.0,3.8,0.8,4.3,2.3,3.3,6.5,6.5,4.6,8.4,2.9,4.9,5.1,4.5,6.1,10.1,17.4,5.1,5.5,5.2,3.3,5.4,3.6,5.2,4.8,13.9,-6.3,-5.7,-9.5,2.9,-2.1,0.2,7.4,0.7,3.7,3.6,14.2,2.4,1.6,5.9,11.7,3.6,-0.5,8.6,-6.1,4.4,3.9,3.5,10.4,9.8,8.3,6.6,11.9,4.4,7.4,2.3,8.9,2.7,3.0,5.6,7.8,7.9,4.5,7.3,8.5,5.4,6.9,2.8,5.1,2.5,2.9,5.8,4.6,45.0
Pennsylvania,4.6,13.0,2.3,-10.7,-2.4,-2.3,-0.4,41.8,2.7,13.6,15.3,7.6,14.1,5.9,5.5,-1.9,3.6,9.7,16.9,7.1,7.0,0.3,-0.9,-12.7,0.3,2.1,9.8,1.5,9.5,9.6,9.0,7.7,7.1,5.8,10.0,4.1,4.1,4.0,-0.5,-6.2,0.6,7.6,7.5,3.0,13.9,-7.1,4.6,12.7,0.3,-1.6,-2.2,2.2,6.0,5.9,6.3,4.3,3.0,1.9,3.5,2.5,6.9,4.3,5.0,6.8,10.1,7.8,7.7,5.2,6.1,10.9,6.9,6.6,7.8,8.3,10.6,6.4,4.1,7.3,5.8,13.1,9.3,8.2,7.1,11.5,9.3,8.0,5.9,8.5,10.7,5.7,3.4,5.0,9.8,5.1,6.6,14.7,5.5,9.2,13.9,9.5,8.3,7.7,10.8,8.1,11.9,11.9,9.4,7.3,7.9,10.8,10.9,8.4,6.8,11.5,7.4,9.5,11.5,10.9,9.4,7.5,13.9,10.7,8.9,13.6,7.1,11.6,9.4,10.4,5.2,11.0,15.4,9.7,7.1,15.0,4.2,5.6,6.6,7.5,3.3,2.4,-0.3,10.8,15.4,16.5,7.3,-6.2,-8.6,27.6,4.1,4.9,5.9,22.6,-10.8,-0.1,3.0,2.7,16.0,15.2,11.1,7.4,5.1,4.9,0.5,23.4,3.7,5.5,5.8,6.4,7.7,5.4,2.2,2.8,5.5,3.6,6.9,7.7,5.3,2.4,4.3,2.8,5.8,3.1,3.5,0.2,5.9,4.9,5.9,3.5,4.5,4.0,4.4,4.5,8.3,4.5,4.6,4.4,4.7,4.7,8.3,4.0,7.0,2.7,5.5,3.1,3.7,4.5,6.9,10.8,6.3,6.3,4.5,5.8,2.5,-0.4,1.4,2.9,3.0,1.4,1.7,5.3,3.0,4.2,5.7,6.5,5.9,7.0,7.0,-1.8,7.0,5.3,6.8,4.0,5.1,5.1,5.0,10.1,5.5,4.2,4.0,3.4,10.8,-5.2,-1.8,-11.2,4.6,-1.8,6.9,1.9,8.3,6.4,4.6,7.0,4.6,4.4,1.4,7.4,3.6,0.8,9.1,-8.1,4.4,0.8,2.6,6.2,5.8,5.3,4.7,4.2,2.4,3.8,3.2,1.7,2.3,4.9,1.8,0.9,3.0,6.0,4.9,6.1,4.2,6.9,3.1,4.3,2.2,1.5,3.2,3.3,45.3
Rhode Island,4.6,11.0,4.1,-18.4,0.0,4.0,4.3,25.6,3.2,15.9,19.6,3.0,15.6,8.2,7.4,-4.1,6.0,9.6,16.0,5.3,6.3,0.2,-0.2,-4.8,0.9,2.4,9.3,4.2,9.0,9.4,8.5,-6.2,6.4,6.3,9.3,-6.6,4.9,4.4,1.9,4.4,4.7,10.2,8.4,0.1,4.6,8.6,4.4,-1.4,-0.1,-3.1,2.7,8.4,6.5,6.1,7.0,8.5,12.4,4.9,0.4,5.6,2.3,4.7,10.0,3.9,7.8,8.0,7.3,5.5,7.5,18.0,2.1,11.9,6.4,11.8,8.6,8.7,4.6,11.8,7.0,11.1,12.9,4.7,7.2,1.7,10.8,4.1,9.2,15.0,5.3,15.0,-0.6,3.6,3.6,15.8,7.3,12.5,4.9,2.0,18.5,5.2,9.1,-0.1,0.2,4.9,7.9,9.2,6.8,5.8,13.3,9.1,9.5,9.4,5.8,14.3,4.8,11.4,8.3,10.7,10.7,4.2,16.6,9.0,9.9,15.0,5.4,14.7,8.3,18.0,9.1,11.5,16.0,13.2,7.9,13.2,1.4,9.5,6.8,13.0,2.1,10.9,6.8,8.0,11.5,9.3,11.7,10.0,7.4,10.2,3.8,4.7,8.6,5.5,11.0,6.9,7.7,3.1,6.4,11.3,11.3,8.8,11.5,9.7,11.5,12.4,6.4,2.2,4.4,4.0,2.7,0.7,-2.2,0.8,1.2,3.3,4.9,4.5,7.2,3.9,5.0,3.2,4.4,6.8,-1.1,2.3,2.7,0.8,7.5,6.4,8.0,4.3,0.7,1.8,6.3,2.9,6.0,6.8,6.8,3.0,9.6,8.5,5.5,5.3,4.7,1.7,5.6,7.6,6.7,12.6,4.5,8.0,3.9,9.9,3.4,-0.6,4.5,6.7,5.4,2.1,4.1,9.1,1.8,6.7,7.2,3.4,6.9,6.2,0.6,-2.9,5.1,2.0,7.0,2.8,8.3,6.6,0.3,9.4,0.3,2.0,1.4,2.1,8.8,-8.2,-0.5,-13.2,6.3,1.7,5.0,5.0,9.4,4.6,3.9,1.5,8.0,1.4,1.4,8.3,2.1,-1.1,7.9,-7.9,0.6,2.4,2.5,7.0,3.7,4.7,7.4,1.5,3.9,1.8,2.8,-2.7,3.1,4.8,0.5,2.0,6.1,9.7,1.5,3.0,2.5,2.2,4.9,7.2,1.8,-0.4,3.9,5.3,62.5
South Carolina,13.5,5.0,9.8,-20.7,-1.0,0.2,-1.9,39.0,-1.0,18.4,10.8,61.1,25.4,16.1,16.8,-4.5,7.0,5.7,5.2,1.8,4.8,-3.4,0.7,-17.0,-5.3,-1.6,9.2,1.8,14.2,16.2,1.7,-2.7,4.3,4.0,5.9,3.6,6.8,3.6,-0.2,1.2,5.0,8.2,8.3,9.7,6.2,8.6,5.9,-1.4,15.1,1.6,-1.3,0.9,8.8,12.1,13.4,5.2,2.2,4.5,7.5,7.3,4.4,3.5,10.1,8.4,6.8,5.2,12.7,7.7,9.7,21.8,10.3,14.5,11.4,9.8,4.2,11.1,2.2,10.9,11.2,11.2,16.2,9.2,7.5,15.5,13.8,11.0,8.6,12.7,9.7,5.9,10.7,8.1,15.3,7.8,5.7,18.6,7.9,16.7,18.4,9.5,12.8,12.7,17.5,15.4,8.1,14.0,8.1,-2.3,16.7,12.5,16.9,10.8,7.8,14.3,3.6,7.2,11.7,11.8,14.5,13.7,11.2,14.2,11.9,11.4,10.3,14.0,13.6,11.0,9.3,13.5,14.6,15.5,9.6,13.7,4.8,4.1,5.1,5.9,7.1,7.1,12.0,10.5,13.0,14.4,10.3,9.0,6.5,6.4,5.6,7.0,7.5,9.8,4.8,4.6,5.4,7.2,8.5,9.4,12.7,2.5,12.3,10.8,6.8,19.5,-3.0,4.6,14.1,8.2,9.0,4.9,1.8,3.8,4.4,4.9,8.3,6.4,8.4,5.1,3.4,6.8,4.8,4.4,3.0,8.3,7.8,5.6,6.6,8.1,4.3,3.4,5.2,7.3,10.2,5.2,4.9,9.1,3.8,6.0,8.5,6.8,8.5,7.9,6.3,1.4,4.9,6.4,6.7,9.3,9.6,3.3,2.9,5.3,1.9,-0.7,4.6,0.8,6.5,1.6,4.1,2.0,2.5,5.3,6.1,1.3,11.4,6.6,7.8,2.9,6.3,4.3,9.5,14.6,4.3,5.2,5.4,10.6,7.3,2.5,4.2,3.3,18.5,-9.2,-4.2,-8.6,4.3,-1.8,2.5,3.5,6.6,4.1,3.3,12.3,4.7,2.2,1.5,13.9,3.6,-0.7,10.2,-7.0,2.6,5.1,3.4,9.4,9.6,5.8,5.4,7.9,5.3,6.3,4.2,2.7,4.0,4.5,5.5,7.6,4.7,3.9,5.0,6.7,4.8,5.8,4.2,7.9,1.7,3.7,4.0,2.4,31.6
South Dakota,33.2,15.4,-32.1,-49.3,-23.2,-9.2,10.4,51.2,20.3,38.0,23.6,22.1,15.2,-0.8,-10.3,-30.6,-10.9,5.0,-0.4,13.5,31.5,-13.9,38.9,3.6,-15.9,-1.7,-8.7,-13.5,-1.4,-2.2,4.9,5.0,10.9,7.8,39.5,-0.8,27.0,28.1,9.8,-18.9,10.2,1.0,-4.0,-33.6,-14.9,22.6,22.2,32.6,30.2,23.9,4.9,-9.8,-15.6,6.6,7.7,50.2,8.3,-6.0,18.1,-10.2,-11.8,-4.0,-5.4,-4.2,3.4,1.0,13.0,16.0,14.7,24.3,1.4,23.1,-6.8,-1.1,5.1,-0.1,-2.4,12.4,4.3,9.9,4.7,9.4,8.4,5.9,9.0,12.1,12.1,4.8,12.1,5.8,3.8,7.8,10.9,18.8,16.9,-0.7,17.7,25.4,54.5,2.1,44.4,6.5,64.0,-18.7,-28.9,-1.4,-2.1,38.7,10.7,15.7,5.3,-7.0,-8.5,-18.2,28.7,40.8,-9.5,17.1,43.4,8.8,6.3,6.5,39.0,-7.0,9.7,15.4,11.3,-3.5,-37.4,34.4,44.7,16.0,9.1,19.7,1.0,-4.7,11.8,1.8,20.5,-13.3,7.9,5.9,11.3,32.2,8.0,7.5,6.3,-1.6,0.9,0.5,2.7,2.4,9.0,10.4,2.8,4.9,3.4,5.6,9.7,-0.3,5.3,4.8,3.3,17.8,4.2,4.1,7.9,21.2,6.5,5.9,2.3,-0.4,9.5,1.4,13.4,10.7,9.0,4.4,0.6,8.0,6.2,-2.4,8.4,21.7,2.6,-0.1,9.2,-7.3,3.7,7.1,9.3,26.5,11.3,-5.5,0.9,2.9,-0.2,10.0,2.5,17.5,5.0,2.9,12.4,-4.4,8.1,4.1,15.5,1.6,8.9,5.5,2.6,3.7,3.0,0.3,1.2,-7.2,1.3,6.0,6.8,22.3,4.4,5.0,6.9,15.8,4.7,0.3,7.4,10.6,6.3,3.5,4.6,9.5,4.0,2.8,5.6,28.1,9.0,4.2,9.7,18.4,6.4,-9.4,-5.3,-10.0,6.2,2.2,4.9,5.2,7.5,9.9,2.3,25.1,1.7,4.2,7.9,2.9,2.0,-16.5,28.1,-5.2,1.3,-0.2,-3.2,13.2,9.2,0.8,3.4,5.5,3.1,5.3,5.5,-6.6,2.2,5.1,0.3,6.9,2.8,1.0,3.1,14.6,3.0,3.7,16.1,-5.5,-0.8,9.8,2.6,3.9,30.2
Tennessee,18.5,4.6,2.9,-10.4,-0.3,2.6,-1.6,42.3,0.4,5.4,16.2,15.4,16.4,5.1,5.2,-3.1,3.8,14.5,6.6,12.9,5.4,0.2,-1.9,4.9,-3.1,1.5,7.6,-0.2,15.2,7.8,8.3,7.7,4.2,6.2,5.1,4.3,5.3,4.5,0.3,2.3,6.5,6.8,9.4,4.3,9.1,8.4,5.1,-5.6,9.1,-1.2,2.7,9.9,5.8,6.2,10.4,2.6,7.6,6.2,4.9,4.1,7.7,7.2,8.3,8.3,5.1,7.8,9.4,9.4,5.7,15.0,10.5,10.0,10.4,8.3,7.3,8.3,2.7,7.1,9.5,12.0,15.8,17.1,9.3,1.8,9.3,9.5,5.9,7.3,11.6,10.0,10.2,8.8,14.8,6.9,11.5,16.3,9.4,11.3,22.3,10.2,12.7,13.6,13.9,6.2,10.3,13.3,7.5,3.3,11.1,13.1,13.8,15.7,6.5,11.0,10.2,8.3,12.6,13.7,15.8,10.0,19.4,14.2,10.7,14.5,4.4,12.3,10.5,10.6,3.8,18.1,14.3,14.3,6.3,12.9,-1.2,8.5,7.0,6.4,5.6,6.0,6.5,7.1,12.2,14.9,13.5,8.6,6.6,6.5,6.5,3.6,8.9,8.5,5.8,7.3,6.3,11.3,4.7,6.0,13.3,6.4,9.8,9.4,8.2,9.3,4.3,4.8,5.8,9.0,6.0,7.4,1.5,6.1,5.2,4.4,8.8,15.8,10.6,4.9,5.6,8.7,4.7,5.0,6.9,5.2,7.7,6.5,10.0,9.5,4.8,4.7,6.0,4.5,8.1,5.3,4.8,7.1,4.0,5.4,10.6,15.2,10.5,3.6,6.3,-1.2,5.0,4.0,9.4,5.9,5.6,8.2,-0.4,1.5,4.3,-0.8,3.5,2.8,5.2,0.5,4.7,3.9,3.9,5.8,6.2,5.2,7.5,6.7,4.3,1.7,6.0,5.6,6.4,10.2,5.6,2.6,6.7,4.0,6.6,2.7,5.3,4.3,13.4,-9.1,-5.5,-0.6,4.6,-1.6,4.2,7.0,7.2,5.3,4.1,11.1,4.5,4.7,3.2,8.7,6.1,0.1,9.7,-6.6,0.9,1.5,2.8,7.0,5.3,3.6,4.4,7.5,5.5,4.4,3.5,1.6,1.7,5.0,5.1,5.7,3.7,3.5,6.8,5.8,4.9,6.6,3.3,4.9,3.3,2.1,2.8,5.0,15.8
Texas,12.5,11.0,2.7,7.4,14.6,4.3,4.4,30.0,-15.4,7.5,15.4,26.1,16.7,16.5,0.8,12.9,3.1,8.4,2.8,-1.6,5.6,-1.4,3.9,4.8,-0.4,5.3,5.1,13.3,7.6,7.1,8.2,6.6,6.0,7.1,6.5,9.0,7.6,6.9,0.0,3.7,-1.2,5.0,8.0,6.0,7.5,3.9,5.4,-3.9,8.3,0.3,3.5,6.1,9.5,5.8,7.8,6.6,0.4,2.7,4.0,7.5,1.0,7.2,6.3,8.7,9.2,6.3,6.8,9.1,6.4,7.8,9.0,12.4,6.9,8.9,13.7,8.2,7.1,10.8,7.1,11.9,14.3,15.8,10.5,10.7,9.9,12.2,7.8,9.8,14.7,7.3,7.7,9.8,8.8,4.8,9.2,15.4,7.9,11.8,20.9,6.0,18.7,14.7,15.0,9.0,11.1,15.6,11.8,16.7,12.8,14.0,14.4,14.5,7.6,13.9,11.3,8.0,13.2,13.8,16.9,11.4,19.6,17.3,13.4,16.7,11.1,15.5,17.1,13.4,9.7,20.5,20.3,19.2,11.8,22.2,14.6,8.6,5.4,4.4,8.4,5.5,6.9,7.5,11.1,6.4,13.1,11.5,8.5,6.6,6.6,5.4,5.9,2.9,-1.4,-0.7,-3.1,6.2,1.5,4.4,5.7,3.9,9.0,9.1,8.6,6.7,4.2,5.4,7.0,11.2,9.4,8.3,1.1,1.6,6.3,5.6,8.3,11.1,8.7,5.6,5.8,7.5,5.4,2.1,7.0,3.4,8.1,5.9,10.6,5.2,7.0,6.0,6.4,8.6,9.0,6.8,7.0,12.5,8.1,9.2,8.0,13.1,6.9,7.3,4.4,4.6,3.7,4.9,11.6,13.4,7.1,7.9,3.8,16.5,0.4,-0.6,1.3,0.0,3.1,1.8,3.3,3.4,5.0,4.6,3.1,4.1,4.7,6.6,9.1,9.4,7.3,9.4,12.9,15.7,6.7,4.5,6.4,5.9,8.7,5.3,7.1,14.2,20.1,-3.0,1.3,-16.4,-5.1,-3.4,2.6,13.8,8.7,8.2,6.9,18.6,6.3,6.5,2.4,15.7,4.8,-1.8,15.3,-8.7,6.3,4.3,4.6,13.1,8.6,6.2,4.3,2.8,-2.0,1.2,-1.7,-3.6,1.4,4.6,6.2,10.6,7.2,6.7,7.5,8.7,5.6,5.7,4.6,6.1,2.6,4.0,3.1,2.4,34.1
Utah,12.4,10.4,-0.6,4.6,1.0,1.6,0.9,35.2,0.9,14.1,16.4,25.5,24.9,3.2,10.6,1.9,3.5,8.4,3.8,1.5,1.5,0.7,0.4,-4.9,1.0,2.0,6.9,24.0,9.9,7.3,8.0,12.5,8.0,7.2,9.0,12.9,7.2,6.6,1.0,-4.2,5.9,9.7,14.4,4.7,8.0,0.5,5.3,12.7,7.2,4.8,3.9,8.9,8.1,7.7,11.4,9.0,10.2,7.2,3.4,2.7,-0.4,7.3,4.4,6.2,9.6,-1.9,7.7,9.0,2.0,9.4,7.3,7.2,3.8,5.5,10.8,4.7,4.1,5.2,0.4,4.5,18.9,9.9,6.2,10.7,9.2,8.7,7.8,17.2,8.9,12.4,10.9,11.6,15.2,9.2,13.6,14.2,4.8,12.0,19.7,5.5,11.2,14.2,12.5,7.9,14.6,13.8,10.1,10.1,9.7,15.8,10.7,14.4,13.5,13.6,13.1,11.4,13.0,12.2,20.5,12.2,17.8,13.9,13.0,11.5,10.6,17.2,11.6,13.8,6.4,11.4,20.6,12.3,5.1,21.8,7.8,6.3,6.5,7.8,5.4,1.6,11.6,10.0,14.7,7.3,10.9,11.7,6.8,6.2,4.9,6.0,6.8,8.7,1.5,1.5,3.0,6.3,8.0,3.1,7.4,4.7,8.0,9.0,4.8,9.5,7.1,4.6,8.6,10.9,9.3,8.5,4.3,7.6,9.0,6.0,7.3,10.5,8.1,8.8,3.5,14.7,4.9,4.4,8.7,8.7,10.6,7.1,10.5,9.2,6.9,8.2,13.4,6.8,10.7,7.8,5.5,13.2,4.9,8.4,3.8,9.0,8.0,6.5,5.9,2.4,5.8,6.4,7.5,8.4,8.4,4.4,5.2,6.4,3.1,1.0,3.5,6.2,0.1,1.6,3.7,4.7,3.4,4.9,5.4,7.2,9.0,6.1,9.2,9.5,10.3,9.4,12.9,17.2,8.3,7.5,9.6,10.9,11.6,2.3,6.8,3.8,17.1,-7.3,-7.3,-8.8,1.4,-3.6,-0.4,6.4,2.9,6.6,7.6,14.4,5.6,4.9,3.9,13.9,5.5,-1.9,21.3,-9.3,6.8,4.9,0.7,11.5,5.7,5.9,8.0,12.2,6.4,5.4,5.0,6.8,4.6,5.5,7.0,4.5,7.0,8.4,7.8,11.9,6.9,6.0,4.3,10.3,1.9,4.9,5.4,4.9,31.9
Vermont,9.7,10.8,-2.9,-16.1,-3.4,1.0,3.0,9.0,4.9,15.1,16.6,20.9,16.2,5.4,5.7,-9.4,3.6,9.0,10.6,1.6,6.9,0.5,-2.3,2.9,-0.3,1.5,8.6,-4.1,10.1,9.1,6.6,16.2,5.2,6.7,9.3,-5.2,7.5,6.4,0.4,-8.2,9.1,4.8,9.6,3.8,12.1,6.5,8.5,7.2,2.7,0.9,2.6,4.3,5.1,9.8,3.5,5.8,5.0,2.8,1.2,3.3,4.7,5.6,6.1,7.5,9.8,5.5,10.1,5.6,12.1,15.9,10.6,15.8,11.8,13.3,15.1,6.2,0.8,8.2,8.1,12.2,13.7,10.0,9.8,7.1,11.1,10.1,9.1,12.2,9.0,7.6,7.4,8.2,11.2,6.7,6.9,18.6,4.0,10.2,15.7,7.2,10.9,7.4,10.1,2.1,13.0,10.2,9.0,5.2,11.3,12.3,15.1,8.9,8.4,15.7,3.6,2.9,11.6,10.8,18.9,15.0,15.8,12.7,10.2,17.7,6.8,12.1,11.8,13.3,8.7,16.1,17.3,11.1,7.0,18.7,6.6,5.1,8.5,13.7,1.1,11.0,7.0,2.9,9.9,13.1,11.3,10.4,10.0,9.5,4.2,7.2,7.6,5.8,11.1,6.6,9.8,4.5,9.8,9.8,15.4,0.3,11.5,15.0,9.0,19.2,5.2,0.8,8.7,5.7,2.7,-0.3,-0.7,0.9,5.0,3.4,6.6,10.4,10.2,4.3,1.5,4.5,3.0,5.1,2.3,4.4,7.2,4.5,9.4,3.9,3.1,6.2,3.2,9.1,5.4,3.5,2.0,9.2,3.4,5.6,11.9,8.4,6.5,6.5,4.7,6.9,6.0,7.8,7.5,11.9,9.9,1.7,8.0,12.3,3.8,-1.1,3.2,2.5,1.3,1.8,5.7,2.1,3.7,4.6,12.6,-0.6,12.2,3.8,2.7,-1.4,2.2,3.6,8.9,11.0,3.2,4.5,4.0,8.7,5.3,3.0,2.9,11.7,9.9,-5.8,-2.3,-6.2,2.9,0.6,2.1,0.4,8.8,4.5,2.3,10.6,5.0,3.0,6.0,1.3,5.8,-3.4,11.0,-6.4,5.0,0.3,2.3,1.8,7.2,7.4,6.5,-1.2,3.3,2.8,2.1,1.9,0.5,2.5,0.1,4.6,2.2,4.3,3.2,3.4,4.5,3.2,2.8,7.2,-0.6,2.1,1.7,4.9,57.0
Virginia,12.9,11.6,-2.4,-2.0,0.1,-0.5,1.2,33.1,6.3,19.9,21.3,24.1,17.5,11.4,9.5,7.2,8.2,7.5,7.3,1.9,2.6,-1.2,-0.1,2.7,1.7,3.2,5.6,5.1,7.5,7.7,6.4,11.9,8.1,5.7,6.6,7.9,3.2,3.3,0.7,2.9,1.5,5.8,13.4,6.7,5.5,4.7,4.9,-1.7,7.3,2.9,0.5,10.8,7.3,9.1,7.0,8.3,9.1,5.7,8.4,5.5,7.9,9.6,10.4,11.4,10.4,11.8,7.1,8.0,4.3,11.1,5.7,9.3,7.6,7.9,12.1,11.0,6.4,7.7,12.3,11.2,12.6,9.6,10.0,23.9,10.6,10.4,4.2,3.1,19.8,6.5,10.1,8.1,15.5,9.1,9.3,14.0,6.9,9.4,19.8,11.0,10.2,10.9,11.4,9.9,11.5,11.0,10.7,8.9,8.6,10.4,9.0,15.6,5.9,11.1,9.7,9.3,12.7,14.6,11.0,13.8,17.8,10.6,12.2,11.2,9.0,12.6,12.4,16.4,11.0,11.3,16.0,21.3,4.1,12.1,-2.4,16.8,7.4,7.2,7.7,5.0,9.1,10.4,12.2,13.3,10.7,11.1,7.1,8.3,6.1,7.2,9.6,10.3,4.9,6.7,7.8,7.5,8.3,10.4,10.6,6.4,11.2,11.7,8.1,9.5,6.2,4.8,6.7,5.3,5.1,4.3,1.1,6.6,3.9,3.5,5.9,8.7,7.6,5.6,4.6,6.7,3.8,3.0,4.9,4.0,10.0,4.2,5.1,6.4,4.1,3.3,4.1,4.8,7.2,5.6,4.8,10.5,3.9,6.1,6.6,7.5,8.4,7.8,6.5,11.6,-0.1,7.8,9.9,10.7,9.0,7.2,5.0,8.8,5.0,-3.8,3.5,3.0,4.9,3.1,3.4,8.3,6.2,8.0,8.0,6.3,6.4,7.0,10.0,4.2,7.9,6.6,7.0,12.1,3.5,2.8,4.5,9.5,4.9,3.2,2.0,5.4,10.2,-3.4,-2.0,-9.7,5.5,-1.0,1.9,6.7,7.3,4.1,4.3,11.0,3.8,5.3,2.6,8.6,3.4,0.1,12.0,-12.7,1.1,0.3,2.9,8.0,5.9,4.8,4.9,4.1,5.6,3.8,1.8,0.8,2.7,3.3,4.9,4.1,3.7,4.1,5.3,5.5,4.0,4.5,3.7,3.3,2.5,2.6,3.8,5.2,19.5
Washington,16.9,3.9,7.5,-7.5,-2.7,-0.3,2.5,42.6,1.9,14.5,16.0,6.5,13.8,8.3,6.6,-0.8,9.2,10.8,10.3,4.7,3.9,-0.6,4.4,3.6,-0.1,1.3,11.7,2.1,6.9,6.3,7.2,-1.4,7.9,7.9,6.6,4.8,8.5,5.4,2.2,-9.1,3.0,10.8,16.1,-2.5,6.4,7.4,5.2,1.4,6.8,-3.9,4.4,4.9,8.3,7.1,9.8,10.8,7.4,3.8,1.0,2.2,-0.3,2.7,6.5,4.4,5.8,5.0,5.2,10.9,6.1,12.2,6.1,20.7,10.4,17.0,12.6,4.2,7.7,10.5,11.0,15.4,9.8,10.0,8.4,8.3,13.7,5.9,6.7,1.8,7.5,6.5,2.5,4.2,7.9,4.9,7.1,3.3,11.6,9.3,20.2,7.2,11.8,15.4,17.5,7.6,12.5,18.6,16.6,8.2,15.6,11.5,11.7,10.4,9.1,10.6,10.3,9.4,9.9,14.4,18.6,18.2,14.8,16.5,15.9,17.1,12.3,16.6,10.6,14.8,9.9,15.5,18.3,5.3,9.6,15.9,3.1,4.8,5.5,4.9,5.5,10.5,5.3,2.4,13.6,6.7,5.9,7.7,4.1,8.9,4.9,5.7,6.2,9.3,4.5,7.0,9.3,-0.3,5.9,8.4,15.0,4.8,9.1,9.6,10.4,16.5,7.9,6.5,7.4,17.6,8.5,6.7,6.0,7.9,6.5,6.8,9.0,10.6,5.5,5.9,11.9,-0.3,8.1,0.9,6.3,4.4,7.2,2.8,8.6,5.1,5.9,5.8,4.1,12.0,8.2,6.4,5.8,12.6,6.4,4.7,8.6,19.0,6.7,6.7,4.1,10.5,-0.3,11.4,13.6,12.7,-2.2,0.7,5.1,4.9,6.6,-7.9,2.1,6.0,0.3,0.6,5.9,3.0,7.0,5.7,1.7,3.1,9.8,1.0,58.4,-25.8,5.8,3.8,14.2,13.9,5.8,4.4,8.2,10.7,11.4,6.0,6.4,4.6,11.9,-3.8,-7.3,-13.2,3.2,-3.0,2.1,3.3,5.2,4.5,4.7,12.3,1.8,3.8,6.6,16.2,6.6,0.3,15.2,-9.8,3.7,6.1,3.4,13.1,8.8,9.3,5.8,6.7,5.2,5.1,2.5,8.7,4.1,4.9,8.3,6.4,6.0,7.2,8.2,12.0,4.9,8.4,2.8,8.4,3.8,3.5,4.4,4.9,35.1
West Virginia,-0.2,23.7,-1.4,-23.3,-3.9,-10.6,-6.5,24.4,13.4,12.5,14.0,9.2,13.6,6.8,5.8,-1.5,-2.8,12.5,13.1,-13.4,4.8,0.3,-1.0,-22.2,0.7,1.6,8.6,4.3,9.9,8.4,8.7,19.1,9.6,3.7,9.8,12.6,4.5,4.3,-2.1,-3.5,-9.1,9.9,10.1,1.1,6.8,-7.0,6.6,5.6,3.9,-6.6,-5.8,2.4,5.3,11.7,2.1,6.0,2.3,1.7,2.7,5.2,7.1,5.0,5.1,9.9,5.4,4.9,9.6,6.1,6.8,10.3,1.2,8.6,1.7,10.0,8.2,8.1,0.3,7.4,1.8,7.3,10.4,6.4,3.3,4.8,11.1,7.9,9.9,13.4,12.6,9.0,17.5,6.0,13.9,9.1,-6.9,33.6,-0.3,12.9,15.5,6.4,5.4,14.4,10.0,8.6,14.4,15.0,2.6,28.8,5.7,6.7,17.5,18.3,3.2,6.3,19.8,10.9,16.5,6.5,10.7,-15.3,59.3,14.7,10.2,4.4,5.8,16.3,10.4,10.1,5.0,9.2,16.4,9.8,-15.5,47.0,6.3,2.1,1.4,0.3,2.9,-0.6,3.8,6.5,10.4,5.4,9.7,12.6,-2.7,4.1,4.9,2.8,4.6,-16.7,23.0,11.8,1.8,-7.0,1.1,3.7,10.4,0.9,13.0,9.7,6.4,8.5,-0.8,2.8,6.9,10.9,7.4,5.0,2.7,4.6,2.7,3.8,9.0,10.6,8.6,6.6,4.4,3.2,3.7,-0.7,2.6,8.0,5.3,3.3,4.9,3.6,1.7,1.9,4.3,3.8,5.4,5.6,2.9,5.5,3.1,2.5,5.0,6.2,3.6,3.8,1.5,2.5,1.6,3.7,5.8,8.3,7.0,3.0,5.6,11.5,4.5,0.4,7.2,3.0,2.6,2.4,3.6,-2.9,1.5,4.0,4.4,-0.3,8.0,3.4,5.4,4.1,6.3,4.2,7.4,10.4,6.6,3.5,4.4,2.3,3.9,3.5,4.7,6.2,20.5,-4.3,1.5,-3.6,6.0,-3.4,2.1,3.8,5.9,7.7,1.8,8.2,6.8,4.7,2.7,2.9,4.5,-3.6,5.4,-5.7,0.4,-1.0,1.2,4.3,6.8,3.8,4.4,0.9,2.1,-1.0,-1.5,-1.7,0.4,-0.2,2.4,11.0,0.9,4.5,4.0,6.3,5.2,7.8,2.9,1.4,0.0,-0.2,-1.1,4.5,69.9
Wisconsin,11.2,13.3,-1.4,-9.9,-1.1,-0.9,1.3,26.6,4.7,18.8,15.1,25.0,17.9,3.2,5.0,-2.9,5.5,10.9,10.1,-4.6,6.1,-1.1,-2.9,-2.8,-0.9,0.0,8.9,12.7,9.1,8.2,8.3,7.2,7.9,7.8,9.7,1.1,4.7,4.7,-1.4,-1.8,1.5,8.0,8.4,9.7,13.1,5.3,4.2,3.6,0.2,1.3,0.5,2.1,7.1,5.2,6.9,6.6,6.4,1.2,5.2,-0.5,4.5,6.5,4.9,10.1,9.4,5.8,10.3,7.9,6.8,8.8,8.9,11.9,5.7,12.1,8.2,3.7,-0.3,8.4,4.8,12.8,13.0,10.4,11.0,12.4,9.2,8.5,4.0,10.2,6.7,8.2,4.3,3.3,17.0,6.6,7.0,12.2,6.6,6.0,18.8,8.2,12.8,11.7,18.5,1.8,10.2,10.6,9.6,6.4,9.5,14.0,10.9,7.6,7.6,11.4,11.6,12.5,13.4,9.8,13.2,12.1,11.1,11.5,10.3,15.3,10.1,12.6,10.7,11.2,3.6,14.7,16.2,3.9,6.9,15.2,0.9,5.3,4.1,8.6,-0.3,1.4,9.7,9.2,7.6,15.9,8.9,7.2,5.0,5.9,3.5,4.4,4.9,6.9,5.4,6.2,4.7,4.6,4.0,8.5,9.1,0.0,8.9,9.1,9.0,16.3,3.9,4.2,6.8,6.6,6.5,5.5,2.1,1.0,6.1,4.8,7.7,10.2,10.4,4.6,6.5,2.9,5.9,4.1,7.4,4.9,7.9,6.5,7.4,4.7,3.5,3.7,4.4,7.5,7.5,5.5,4.5,7.5,4.9,6.1,8.9,8.0,6.8,5.6,4.9,1.0,4.1,5.5,8.4,9.1,6.1,4.1,3.3,11.3,2.6,-0.6,3.8,2.2,5.3,0.2,4.7,0.7,2.7,3.2,6.8,0.4,7.5,6.9,5.7,-2.0,4.4,6.1,3.0,12.3,3.9,4.4,3.3,9.0,3.0,1.4,3.8,4.9,11.2,-5.0,-1.8,-10.5,6.7,0.2,2.6,-1.1,6.2,4.9,6.9,9.3,3.4,6.1,-1.6,11.9,3.4,-1.9,13.9,-11.0,4.1,2.5,1.7,5.0,7.5,3.6,5.9,4.6,3.9,3.3,2.3,-0.2,1.2,3.9,0.9,5.5,3.6,6.7,3.3,8.6,2.2,5.5,3.4,4.4,2.5,0.9,3.5,1.6,30.4
Wyoming,0.7,16.6,8.4,9.2,10.2,-2.9,-2.9,25.3,6.2,23.0,10.9,-0.6,86.8,-34.0,19.2,-7.2,-15.9,17.4,2.1,-6.0,1.7,-0.7,-0.9,-9.5,-1.6,-0.5,8.1,14.4,12.9,5.3,10.9,5.4,4.2,8.7,7.8,-2.5,19.5,0.7,9.8,-15.4,7.0,6.5,9.9,-3.2,12.9,3.9,12.4,4.4,2.1,-3.7,4.8,10.2,3.9,11.3,0.3,9.7,-0.1,-3.9,1.5,3.2,2.1,9.3,3.6,0.2,2.1,3.3,5.7,2.3,2.5,3.3,3.1,-0.5,5.8,2.3,0.7,12.9,7.0,11.1,5.9,8.1,4.2,5.9,3.6,25.2,13.1,6.8,6.9,13.3,11.6,12.5,9.4,9.7,11.9,13.0,12.1,12.0,8.1,15.7,22.2,8.0,26.9,10.8,32.7,15.5,7.7,12.4,21.9,9.2,12.4,14.2,12.7,9.0,4.6,12.7,20.4,12.0,21.5,23.7,17.9,18.4,23.3,15.7,15.6,17.6,15.3,18.3,16.7,15.5,10.4,23.5,26.4,6.3,8.5,19.7,10.1,0.3,7.2,-4.7,-5.6,0.7,-3.7,4.0,8.9,-3.4,9.2,11.2,5.1,-3.8,7.3,5.7,8.1,4.3,-10.8,-10.7,-8.3,-4.7,4.9,-0.2,5.2,-11.9,14.5,8.5,5.7,15.5,5.0,7.0,8.0,11.0,9.4,3.3,2.5,5.8,4.5,5.4,8.2,6.2,6.0,2.3,3.2,14.3,1.9,1.6,8.0,2.1,6.5,3.9,8.6,3.7,5.2,2.0,2.6,5.2,7.0,5.8,3.9,14.7,3.8,6.2,5.3,5.6,9.4,7.6,3.2,10.2,4.4,6.6,11.2,9.5,5.8,4.1,13.0,2.4,6.7,1.5,5.7,-1.0,2.1,1.4,6.3,6.7,5.4,9.8,9.0,3.3,8.5,6.1,9.6,12.3,9.2,8.2,16.9,25.5,17.9,10.9,2.4,4.0,9.6,2.7,9.4,20.5,11.8,0.2,-6.5,-13.1,-13.2,-8.6,-3.5,20.5,9.1,10.6,5.8,19.2,4.0,7.5,9.4,14.8,9.9,-6.8,22.1,-16.9,1.6,2.6,6.1,11.7,10.0,6.1,3.3,0.3,-4.3,-0.6,-6.2,-9.4,-5.1,-1.2,1.8,5.5,7.5,3.5,6.1,13.6,4.8,5.1,3.3,3.0,-0.3,3.2,0.9,0.7,28.2